"","Contrast","Pathway","FDR","Method","negativelog10FDR"
"1","X1O2PlusCyA - X1O2NoCyA","Hepatocellular carcinoma",0.000114398687032122,"Proteomics",3.94157895996587
"5","X1O2PlusCyA - X1O2NoCyA","Melanoma",5.88535372305823e-05,"Proteomics",4.23022742995636
"9","X1O2PlusCyA - X1O2NoCyA","C-type lectin receptor signaling pathway",0.00270436460859094,"Proteomics",2.56793475621256
"10","X1O2PlusCyA - X1O2NoCyA","Acute myeloid leukemia",1.48282148399948e-05,"Proteomics",4.82891113028017
"13","X1O2PlusCyA - X1O2NoCyA","Non-small cell lung cancer",0.000174449271056046,"Proteomics",3.75833084093068
"16","X1O2PlusCyA - X1O2NoCyA","HIF-1 signaling pathway",0.0014493562304976,"Proteomics",2.83882485819671
"18","X1O2PlusCyA - X1O2NoCyA","Parkinson disease",0.000953934349709603,"Proteomics",3.02048151265431
"19","X1O2PlusCyA - X1O2NoCyA","Amoebiasis",0.000228334915334301,"Proteomics",3.64142767424077
"23","X1O2PlusCyA - X1O2NoCyA","Wnt signaling pathway",0.000996373578580671,"Proteomics",3.00157779742292
"29","X1O2PlusCyA - X1O2NoCyA","Fc epsilon RI signaling pathway",1.23649816555249e-06,"Proteomics",5.90780652361406
"30","X1O2PlusCyA - X1O2NoCyA","GnRH secretion",8.27370687603083e-06,"Proteomics",5.08229986951464
"32","X1O2PlusCyA - X1O2NoCyA","T cell receptor signaling pathway",0.000163393527669308,"Proteomics",3.78676515069942
"33","X1O2PlusCyA - X1O2NoCyA","Lysine degradation",2.2084831168951e-06,"Proteomics",5.65590591642702
"34","X1O2PlusCyA - X1O2NoCyA","Phosphatidylinositol signaling system",0.000621089421659065,"Proteomics",3.20684586755725
"37","X1O2PlusCyA - X1O2NoCyA","Epstein-Barr virus infection",0.00235894136282496,"Proteomics",2.62728285441668
"38","X1O2PlusCyA - X1O2NoCyA","Terpenoid backbone biosynthesis",0.0408586064012914,"Proteomics",1.38871645029659
"39","X1O2PlusCyA - X1O2NoCyA","cAMP signaling pathway",0.000747128557820089,"Proteomics",3.12660466304656
"40","X1O2PlusCyA - X1O2NoCyA","FoxO signaling pathway",0.00454290698726298,"Proteomics",2.34266615495996
"41","X1O2PlusCyA - X1O2NoCyA","Amino sugar and nucleotide sugar metabolism",1.09039116821768e-05,"Proteomics",4.96241767479064
"44","X1O2PlusCyA - X1O2NoCyA","Relaxin signaling pathway",0.012312522581226,"Proteomics",1.90965295999542
"45","X1O2PlusCyA - X1O2NoCyA","VEGF signaling pathway",0.000128429178176364,"Proteomics",3.89133629650553
"46","X1O2PlusCyA - X1O2NoCyA","Endometrial cancer",0.00140501005451169,"Proteomics",2.85232056785618
"49","X1O2PlusCyA - X1O2NoCyA","Chronic myeloid leukemia",0.00665990146661198,"Proteomics",2.17653219617854
"50","X1O2PlusCyA - X1O2NoCyA","PD-L1 expression and PD-1 checkpoint pathway in cancer",0.000395595792215917,"Proteomics",3.40274833645587
"51","X1O2PlusCyA - X1O2NoCyA","Chemical carcinogenesis - receptor activation",6.69411014925611e-05,"Proteomics",4.17430714575468
"52","X1O2PlusCyA - X1O2NoCyA","Fluid shear stress and atherosclerosis",0.000514699573862254,"Proteomics",3.28844619131724
"54","X1O2PlusCyA - X1O2NoCyA","Insulin resistance",6.15906652443399e-05,"Proteomics",4.21048510504458
"58","X1O2PlusCyA - X1O2NoCyA","Fatty acid elongation",2.26221219703885e-10,"Proteomics",9.64546666038282
"61","X1O2PlusCyA - X1O2NoCyA","Non-alcoholic fatty liver disease",3.74409759791189e-13,"Proteomics",12.4266528389718
"62","X1O2PlusCyA - X1O2NoCyA","Small cell lung cancer",0.00200312403529175,"Proteomics",2.69829215795807
"63","X1O2PlusCyA - X1O2NoCyA","p53 signaling pathway",0.000213044324740337,"Proteomics",3.67153003042285
"64","X1O2PlusCyA - X1O2NoCyA","Morphine addiction",0.000188366375044756,"Proteomics",3.72499661978003
"66","X1O2PlusCyA - X1O2NoCyA","Salmonella infection",1.33145926225838e-06,"Proteomics",5.87567211683078
"68","X1O2PlusCyA - X1O2NoCyA","Th1 and Th2 cell differentiation",0.00199031193013926,"Proteomics",2.70107885378025
"70","X1O2PlusCyA - X1O2NoCyA","AGE-RAGE signaling pathway in diabetic complications",0.000810695524548274,"Proteomics",3.09114222450259
"74","X1O2PlusCyA - X1O2NoCyA","Human immunodeficiency virus 1 infection",0.0227482602430337,"Proteomics",1.64305181200651
"75","X1O2PlusCyA - X1O2NoCyA","Hepatitis C",0.00456089049282145,"Proteomics",2.34095035506323
"77","X1O2PlusCyA - X1O2NoCyA","Fc gamma R-mediated phagocytosis",9.14666040293388e-05,"Proteomics",4.03873744509444
"80","X1O2PlusCyA - X1O2NoCyA","Hepatitis B",0.0181263119006337,"Proteomics",1.74169055134524
"83","X1O2PlusCyA - X1O2NoCyA","Pancreatic cancer",0.000772716728998008,"Proteomics",3.11197968535705
"84","X1O2PlusCyA - X1O2NoCyA","Renal cell carcinoma",1.48282148399948e-05,"Proteomics",4.82891113028017
"86","X1O2PlusCyA - X1O2NoCyA","Influenza A",0.0210799115460394,"Proteomics",1.67613121580995
"87","X1O2PlusCyA - X1O2NoCyA","Peroxisome",0.0333197613504157,"Proteomics",1.47729811784654
"88","X1O2PlusCyA - X1O2NoCyA","Sulfur relay system",3.23550868675093e-07,"Proteomics",6.4900574298387
"89","X1O2PlusCyA - X1O2NoCyA","Kaposi sarcoma-associated herpesvirus infection",0.0227482602430337,"Proteomics",1.64305181200651
"90","X1O2PlusCyA - X1O2NoCyA","Inositol phosphate metabolism",0.00101167094899535,"Proteomics",2.99496072096791
"91","X1O2PlusCyA - X1O2NoCyA","Growth hormone synthesis, secretion and action",0.000119185577036144,"Proteomics",3.92377629654713
"92","X1O2PlusCyA - X1O2NoCyA","Pyrimidine metabolism",0.0217454576408321,"Proteomics",1.66263144802179
"93","X1O2PlusCyA - X1O2NoCyA","Pathways in cancer",2.04962144899418e-09,"Proteomics",8.68832634274621
"95","X1O2PlusCyA - X1O2NoCyA","mTOR signaling pathway",5.17195411441482e-10,"Proteomics",9.28634533683589
"97","X1O2PlusCyA - X1O2NoCyA","Inflammatory mediator regulation of TRP channels",0.00010118825232994,"Proteomics",3.99486990493131
"98","X1O2PlusCyA - X1O2NoCyA","Mitophagy - animal",1.53504045587152e-06,"Proteomics",5.81388017423876
"100","X1O2PlusCyA - X1O2NoCyA","Glycerophospholipid metabolism",0.0596400250208954,"Proteomics",1.2244621830186
"101","X1O2PlusCyA - X1O2NoCyA","Arginine biosynthesis",0.0011145477972259,"Proteomics",2.95290130212646
"102","X1O2PlusCyA - X1O2NoCyA","Herpes simplex virus 1 infection",0.000278216396121188,"Proteomics",3.55561727932194
"104","X1O2PlusCyA - X1O2NoCyA","Arrhythmogenic right ventricular cardiomyopathy",0.00017743239310317,"Proteomics",3.75096708990622
"107","X1O2PlusCyA - X1O2NoCyA","Measles",0.00577780045011879,"Proteomics",2.23823746161069
"113","X1O2PlusCyA - X1O2NoCyA","Alzheimer disease",1.28116941958644e-07,"Proteomics",6.89239343612074
"114","X1O2PlusCyA - X1O2NoCyA","Amphetamine addiction",0.0592260587427297,"Proteomics",1.22748716695783
"116","X1O2PlusCyA - X1O2NoCyA","Glycerolipid metabolism",0.0539059669459534,"Proteomics",1.26836315933511
"119","X1O2PlusCyA - X1O2NoCyA","Apoptosis - multiple species",6.98706022231067e-08,"Proteomics",7.15570551349326
"120","X1O2PlusCyA - X1O2NoCyA","Choline metabolism in cancer",0.000447722236523565,"Proteomics",3.34899133545873
"121","X1O2PlusCyA - X1O2NoCyA","Human T-cell leukemia virus 1 infection",0.0271893975799247,"Proteomics",1.56560041472264
"125","X1O2PlusCyA - X1O2NoCyA","Cellular senescence",0.000330050701127666,"Proteomics",3.48141934033838
"126","X1O2PlusCyA - X1O2NoCyA","Tight junction",5.9056494799398e-08,"Proteomics",7.22873233343689
"128","X1O2PlusCyA - X1O2NoCyA","Cholinergic synapse",1.30617204106857e-06,"Proteomics",5.88399961665518
"130","X1O2PlusCyA - X1O2NoCyA","AMPK signaling pathway",0.00223260862982786,"Proteomics",2.65118740088866
"131","X1O2PlusCyA - X1O2NoCyA","Fanconi anemia pathway",2.40662707251298e-06,"Proteomics",5.61859120216273
"132","X1O2PlusCyA - X1O2NoCyA","Glioma",0.00137240877719946,"Proteomics",2.86251651308956
"135","X1O2PlusCyA - X1O2NoCyA","Neutrophil extracellular trap formation",0.00075103224986488,"Proteomics",3.12434141367807
"140","X1O2PlusCyA - X1O2NoCyA","Thyroid hormone signaling pathway",5.4858680323298e-09,"Proteomics",8.2607546439645
"141","X1O2PlusCyA - X1O2NoCyA","Signaling pathways regulating pluripotency of stem cells",7.83542625915287e-05,"Proteomics",4.10593737226975
"144","X1O2PlusCyA - X1O2NoCyA","Insulin signaling pathway",0.00367855492153158,"Proteomics",2.43432275547304
"145","X1O2PlusCyA - X1O2NoCyA","Rap1 signaling pathway",0.00459501648049913,"Proteomics",2.33771292663326
"146","X1O2PlusCyA - X1O2NoCyA","Chemical carcinogenesis - reactive oxygen species",0.000680043773662596,"Proteomics",3.16746313134044
"147","X1O2PlusCyA - X1O2NoCyA","Progesterone-mediated oocyte maturation",0.00900831952573063,"Proteomics",2.04535621776354
"152","X1O2PlusCyA - X1O2NoCyA","Pathogenic Escherichia coli infection",5.98786039694087e-05,"Proteomics",4.2227283335035
"153","X1O2PlusCyA - X1O2NoCyA","Leukocyte transendothelial migration",0.000158704762323181,"Proteomics",3.79941004098525
"155","X1O2PlusCyA - X1O2NoCyA","Bacterial invasion of epithelial cells",3.11039610190799e-06,"Proteomics",5.50718430103137
"159","X1O2PlusCyA - X1O2NoCyA","Central carbon metabolism in cancer",0.0118910322730694,"Proteomics",1.92478044218214
"161","X1O2PlusCyA - X1O2NoCyA","JAK-STAT signaling pathway",5.88600040067881e-05,"Proteomics",4.2301797126726
"164","X1O2PlusCyA - X1O2NoCyA","Proteoglycans in cancer",3.75903127845322e-08,"Proteomics",7.4249240605583
"165","X1O2PlusCyA - X1O2NoCyA","Autophagy - animal",2.28845837855291e-06,"Proteomics",5.64045698191668
"167","X1O2PlusCyA - X1O2NoCyA","Endocytosis",3.30079443241749e-09,"Proteomics",8.48138152191225
"168","X1O2PlusCyA - X1O2NoCyA","EGFR tyrosine kinase inhibitor resistance",5.4605936006712e-06,"Proteomics",5.26276014420307
"169","X1O2PlusCyA - X1O2NoCyA","Diabetic cardiomyopathy",0.0011145477972259,"Proteomics",2.95290130212646
"170","X1O2PlusCyA - X1O2NoCyA","Pertussis",3.40035005453011e-07,"Proteomics",6.46847637150916
"171","X1O2PlusCyA - X1O2NoCyA","Toll-like receptor signaling pathway",0.000105283408014436,"Proteomics",3.97764006542932
"173","X1O2PlusCyA - X1O2NoCyA","Platinum drug resistance",0.0111971350851987,"Proteomics",1.95089308231636
"175","X1O2PlusCyA - X1O2NoCyA","Pathways of neurodegeneration - multiple diseases",6.85804069795064e-07,"Proteomics",6.16379994196197
"176","X1O2PlusCyA - X1O2NoCyA","Human papillomavirus infection",8.28670758826248e-07,"Proteomics",6.08161798576649
"177","X1O2PlusCyA - X1O2NoCyA","Notch signaling pathway",5.10366777758652e-05,"Proteomics",4.29211760369459
"181","X1O2PlusCyA - X1O2NoCyA","Prolactin signaling pathway",1.06301906582869e-14,"Proteomics",13.9734589460976
"182","X1O2PlusCyA - X1O2NoCyA","Yersinia infection",0.00156295056271162,"Proteomics",2.80605475882093
"184","X1O2PlusCyA - X1O2NoCyA","Arginine and proline metabolism",0.000315585067126832,"Proteomics",3.50088355494883
"191","X1O2PlusCyA - X1O2NoCyA","Natural killer cell mediated cytotoxicity",2.35708671982323e-05,"Proteomics",4.62762443900818
"194","X1O2PlusCyA - X1O2NoCyA","Prion disease",2.75001559714696e-06,"Proteomics",5.56066484299314
"195","X1O2PlusCyA - X1O2NoCyA","Nicotinate and nicotinamide metabolism",0.00377124932508392,"Proteomics",2.42351475453982
"196","X1O2PlusCyA - X1O2NoCyA","Colorectal cancer",0.00751597244904123,"Proteomics",2.12401482054215
"201","X1O2PlusCyA - X1O2NoCyA","Staphylococcus aureus infection",0.000859042260889036,"Proteomics",3.06598547037197
"203","X1O2PlusCyA - X1O2NoCyA","Regulation of actin cytoskeleton",8.9163540688753e-09,"Proteomics",8.04981269399332
"205","X1O2PlusCyA - X1O2NoCyA","Phospholipase D signaling pathway",7.68703412868007e-07,"Proteomics",6.11424119075791
"206","X1O2PlusCyA - X1O2NoCyA","Various types of N-glycan biosynthesis",1.84701497035383e-08,"Proteomics",7.73352958451877
"207","X1O2PlusCyA - X1O2NoCyA","Legionellosis",5.01475804744372e-06,"Proteomics",5.29975001602242
"208","X1O2PlusCyA - X1O2NoCyA","Coronavirus disease - COVID-19",1.58907643543412e-05,"Proteomics",4.79885521249124
"209","X1O2PlusCyA - X1O2NoCyA","Spinocerebellar ataxia",3.19063867191443e-05,"Proteomics",4.49612237527338
"211","X1O2PlusCyA - X1O2NoCyA","Aldosterone synthesis and secretion",0.0556440039953453,"Proteomics",1.2545816268734
"214","X1O2PlusCyA - X1O2NoCyA","B cell receptor signaling pathway",0.00106136380415068,"Proteomics",2.97413572726407
"215","X1O2PlusCyA - X1O2NoCyA","Aminoacyl-tRNA biosynthesis",2.85841872724057e-07,"Proteomics",6.54387415146885
"217","X1O2PlusCyA - X1O2NoCyA","Regulation of lipolysis in adipocytes",3.35436961819847e-06,"Proteomics",5.47438908415699
"218","X1O2PlusCyA - X1O2NoCyA","Prostate cancer",0.00170267054649306,"Proteomics",2.76886937651282
"219","X1O2PlusCyA - X1O2NoCyA","Breast cancer",2.04590274104058e-06,"Proteomics",5.68911501580146
"220","X1O2PlusCyA - X1O2NoCyA","Ras signaling pathway",4.63323804006101e-06,"Proteomics",5.33411538664569
"221","X1O2PlusCyA - X1O2NoCyA","PI3K-Akt signaling pathway",0.00106155115780988,"Proteomics",2.97405907166362
"222","X1O2PlusCyA - X1O2NoCyA","Lipid and atherosclerosis",6.33573554337305e-07,"Proteomics",6.1982029586993
"223","X1O2PlusCyA - X1O2NoCyA","Apoptosis",1.06301906582869e-14,"Proteomics",13.9734589460976
"227","X1O2PlusCyA - X1O2NoCyA","Human cytomegalovirus infection",0.0463644044363561,"Proteomics",1.33381531447835
"230","X1O2PlusCyA - X1O2NoCyA","Longevity regulating pathway",3.19063867191443e-05,"Proteomics",4.49612237527338
"231","X1O2PlusCyA - X1O2NoCyA","Platelet activation",6.8494055905145e-05,"Proteomics",4.16434711609307
"232","X1O2PlusCyA - X1O2NoCyA","ErbB signaling pathway",1.55929123227284e-05,"Proteomics",4.80707276309417
"234","X1O2PlusCyA - X1O2NoCyA","Bladder cancer",0.00424709727833366,"Proteomics",2.37190779152647
"235","X1O2PlusCyA - X1O2NoCyA","Sphingolipid metabolism",0.000173257272753419,"Proteomics",3.7613085261223
"236","X1O2PlusCyA - X1O2NoCyA","Axon guidance",0.000135819989817844,"Proteomics",3.86703630642747
"237","X1O2PlusCyA - X1O2NoCyA","Neurotrophin signaling pathway",0.000204927334153014,"Proteomics",3.68840010953401
"239","X1O2PlusCyA - X1O2NoCyA","Sphingolipid signaling pathway",4.8916271980283e-07,"Proteomics",6.31054664893923
"240","X1O2PlusCyA - X1O2NoCyA","Longevity regulating pathway - multiple species",4.64000864181619e-05,"Proteomics",4.3334812105896
"241","X1O2PlusCyA - X1O2NoCyA","Vascular smooth muscle contraction",6.55061413381953e-05,"Proteomics",4.18371798208058
"242","X1O2PlusCyA - X1O2NoCyA","Thyroid hormone synthesis",3.2548364124347e-16,"Proteomics",15.4874708341195
"246","X1O2PlusCyA - X1O2NoCyA","Galactose metabolism",3.93603813244726e-17,"Proteomics",16.4049407027633
"249","X1O2PlusCyA - X1O2NoCyA","Estrogen signaling pathway",0.00133827204036554,"Proteomics",2.87345559537191
"252","X1O2PlusCyA - X1O2NoCyA","Focal adhesion",7.20157311454349e-06,"Proteomics",5.14257262574352
"253","X1O2PlusCyA - X1O2NoCyA","TNF signaling pathway",1.71116238021781e-11,"Proteomics",10.7667087762646
"254","X1O2PlusCyA - X1O2NoCyA","Gastric cancer",5.26196932197775e-07,"Proteomics",6.27885168824093
"256","X1O2PlusCyA - X1O2NoCyA","Shigellosis",1.14446818056681e-05,"Proteomics",4.94139627742924
"257","X1O2PlusCyA - X1O2NoCyA","Endocrine resistance",8.21192943848887e-06,"Proteomics",5.08555479098758
"258","X1O2PlusCyA - X1O2NoCyA","Chemokine signaling pathway",9.53281936659733e-08,"Proteomics",7.02077863616417
"261","X1O2PlusCyA - X1O2NoCyA","Type II diabetes mellitus",0.000204124012268499,"Proteomics",3.69010590374886
"264","X1O2PlusCyA - X1O2NoCyA","Osteoclast differentiation",0.000201869170197136,"Proteomics",3.69493000218376
"265","X1O2PlusCyA - X1O2NoCyA","MAPK signaling pathway",0.00653789851294713,"Proteomics",2.18456182520703
"266","X1O2PlusCyA - X1O2NoCyA","Chagas disease",0.000887941523138655,"Proteomics",3.05161563446288
"268","X1O2PlusCyA - X1O2NoCyA","Oxytocin signaling pathway",0.000258405244280055,"Proteomics",3.5876986766724
"269","X1O2NoCyA - X19O2NoCyA","Hepatocellular carcinoma",7.66297055392935e-05,"Proteomics",4.11560284327935
"272","X1O2NoCyA - X19O2NoCyA","GnRH signaling pathway",0.00841955989651295,"Proteomics",2.07471060915489
"273","X1O2NoCyA - X19O2NoCyA","Melanoma",0.000163845040068322,"Proteomics",3.78556670108394
"277","X1O2NoCyA - X19O2NoCyA","C-type lectin receptor signaling pathway",5.58923265630274e-05,"Proteomics",4.25264781215088
"278","X1O2NoCyA - X19O2NoCyA","Acute myeloid leukemia",1.35074520865447e-06,"Proteomics",5.86942656430967
"281","X1O2NoCyA - X19O2NoCyA","Non-small cell lung cancer",0.000211955945491344,"Proteomics",3.67375439670431
"282","X1O2NoCyA - X19O2NoCyA","cGMP-PKG signaling pathway",0.00206906966903788,"Proteomics",2.68422488566616
"284","X1O2NoCyA - X19O2NoCyA","HIF-1 signaling pathway",0.000389806412674792,"Proteomics",3.40915102061509
"286","X1O2NoCyA - X19O2NoCyA","Parkinson disease",4.87050340682016e-09,"Proteomics",8.31242614853787
"287","X1O2NoCyA - X19O2NoCyA","Amoebiasis",2.30817787390639e-05,"Proteomics",4.63673072641777
"290","X1O2NoCyA - X19O2NoCyA","Oocyte meiosis",0.00570209447087193,"Proteomics",2.24396559168484
"291","X1O2NoCyA - X19O2NoCyA","Wnt signaling pathway",0.00174129447611525,"Proteomics",2.7591277776837
"294","X1O2NoCyA - X19O2NoCyA","Tuberculosis",0.000911681727011623,"Proteomics",3.04015674974964
"297","X1O2NoCyA - X19O2NoCyA","Fc epsilon RI signaling pathway",0.00151709811558573,"Proteomics",2.81898633109228
"298","X1O2NoCyA - X19O2NoCyA","GnRH secretion",0.000170150312636811,"Proteomics",3.76916724858805
"300","X1O2NoCyA - X19O2NoCyA","T cell receptor signaling pathway",0.00759397468029831,"Proteomics",2.11953085521111
"301","X1O2NoCyA - X19O2NoCyA","Lysine degradation",9.38944581139559e-05,"Proteomics",4.02736004012532
"302","X1O2NoCyA - X19O2NoCyA","Phosphatidylinositol signaling system",0.000419926010578613,"Proteomics",3.37682722395481
"304","X1O2NoCyA - X19O2NoCyA","Melanogenesis",0.017520495221202,"Proteomics",1.75645362255174
"305","X1O2NoCyA - X19O2NoCyA","Epstein-Barr virus infection",0.0041032151133591,"Proteomics",2.38687571430388
"306","X1O2NoCyA - X19O2NoCyA","Terpenoid backbone biosynthesis",0.00483993284864377,"Proteomics",2.31516066390637
"307","X1O2NoCyA - X19O2NoCyA","cAMP signaling pathway",9.25951468187641e-07,"Proteomics",6.0334117753598
"308","X1O2NoCyA - X19O2NoCyA","FoxO signaling pathway",2.19756846184192e-05,"Proteomics",4.65805758627147
"309","X1O2NoCyA - X19O2NoCyA","Amino sugar and nucleotide sugar metabolism",5.24936414971761e-07,"Proteomics",6.27989329906889
"311","X1O2NoCyA - X19O2NoCyA","Glucagon signaling pathway",0.000128429178176364,"Proteomics",3.89133629650553
"312","X1O2NoCyA - X19O2NoCyA","Relaxin signaling pathway",0.0254630099725011,"Proteomics",1.59409025986609
"313","X1O2NoCyA - X19O2NoCyA","VEGF signaling pathway",0.000284502480314014,"Proteomics",3.54591394304046
"314","X1O2NoCyA - X19O2NoCyA","Endometrial cancer",2.69895070692096e-05,"Proteomics",4.56880504723589
"317","X1O2NoCyA - X19O2NoCyA","Chronic myeloid leukemia",0.000322441931834118,"Proteomics",3.49154848553935
"318","X1O2NoCyA - X19O2NoCyA","PD-L1 expression and PD-1 checkpoint pathway in cancer",0.0167441827837353,"Proteomics",1.77613604377506
"319","X1O2NoCyA - X19O2NoCyA","Chemical carcinogenesis - receptor activation",0.000121733084994213,"Proteomics",3.91459137183018
"320","X1O2NoCyA - X19O2NoCyA","Fluid shear stress and atherosclerosis",3.69801313503279e-06,"Proteomics",5.4320315505965
"322","X1O2NoCyA - X19O2NoCyA","Insulin resistance",0.00060270485791588,"Proteomics",3.21989530802179
"326","X1O2NoCyA - X19O2NoCyA","Fatty acid elongation",4.04283361863265e-09,"Proteomics",8.39331413153217
"327","X1O2NoCyA - X19O2NoCyA","Hippo signaling pathway",0.0379318310890451,"Proteomics",1.42099619202767
"329","X1O2NoCyA - X19O2NoCyA","Non-alcoholic fatty liver disease",7.17411525807176e-09,"Proteomics",8.14423165030537
"330","X1O2NoCyA - X19O2NoCyA","Small cell lung cancer",0.00607990372593464,"Proteomics",2.2161032976395
"332","X1O2NoCyA - X19O2NoCyA","Morphine addiction",0.000137784695622415,"Proteomics",3.86079901882792
"333","X1O2NoCyA - X19O2NoCyA","Pyruvate metabolism",0.0978790241817959,"Proteomics",1.00931036905639
"334","X1O2NoCyA - X19O2NoCyA","Salmonella infection",0.000160005960882609,"Proteomics",3.79586383778031
"336","X1O2NoCyA - X19O2NoCyA","Th1 and Th2 cell differentiation",0.00184998117229993,"Proteomics",2.73283269149312
"338","X1O2NoCyA - X19O2NoCyA","AGE-RAGE signaling pathway in diabetic complications",0.0135456910037696,"Proteomics",1.86819883548356
"342","X1O2NoCyA - X19O2NoCyA","Human immunodeficiency virus 1 infection",0.000139642970620132,"Proteomics",3.85498092102795
"343","X1O2NoCyA - X19O2NoCyA","Hepatitis C",0.00219650853983561,"Proteomics",2.65826710389592
"344","X1O2NoCyA - X19O2NoCyA","Hippo signaling pathway - multiple species",0.0467160136818176,"Proteomics",1.33053422304145
"345","X1O2NoCyA - X19O2NoCyA","Fc gamma R-mediated phagocytosis",0.00268022472558111,"Proteomics",2.57182879067712
"348","X1O2NoCyA - X19O2NoCyA","Hepatitis B",0.00450217494302869,"Proteomics",2.34657763343238
"351","X1O2NoCyA - X19O2NoCyA","Pancreatic cancer",0.00110935419289918,"Proteomics",2.9549297708367
"352","X1O2NoCyA - X19O2NoCyA","Renal cell carcinoma",3.69801313503279e-06,"Proteomics",5.4320315505965
"353","X1O2NoCyA - X19O2NoCyA","Apelin signaling pathway",0.0015169598920426,"Proteomics",2.81902590167527
"354","X1O2NoCyA - X19O2NoCyA","Influenza A",0.0205115157380538,"Proteomics",1.68800224541662
"355","X1O2NoCyA - X19O2NoCyA","Peroxisome",0.0904705917544516,"Proteomics",1.04349256901952
"356","X1O2NoCyA - X19O2NoCyA","Sulfur relay system",1.58237518895822e-05,"Proteomics",4.80069053526599
"357","X1O2NoCyA - X19O2NoCyA","Kaposi sarcoma-associated herpesvirus infection",0.000162290434074375,"Proteomics",3.78970707814757
"358","X1O2NoCyA - X19O2NoCyA","Inositol phosphate metabolism",0.00200312403529175,"Proteomics",2.69829215795807
"359","X1O2NoCyA - X19O2NoCyA","Growth hormone synthesis, secretion and action",0.0081956567474763,"Proteomics",2.0864162391189
"360","X1O2NoCyA - X19O2NoCyA","Pyrimidine metabolism",0.024985951772187,"Proteomics",1.6023041026338
"361","X1O2NoCyA - X19O2NoCyA","Pathways in cancer",3.55764631511297e-15,"Proteomics",14.4488372296725
"363","X1O2NoCyA - X19O2NoCyA","mTOR signaling pathway",1.78605219456586e-11,"Proteomics",10.748105853689
"364","X1O2NoCyA - X19O2NoCyA","Alcoholism",0.0036411871245702,"Proteomics",2.43875700162633
"365","X1O2NoCyA - X19O2NoCyA","Inflammatory mediator regulation of TRP channels",8.09193217123606e-06,"Proteomics",5.09194776625978
"366","X1O2NoCyA - X19O2NoCyA","Mitophagy - animal",1.91419624044095e-08,"Proteomics",7.71801354107754
"369","X1O2NoCyA - X19O2NoCyA","Arginine biosynthesis",0.000985371656159734,"Proteomics",3.00639993419675
"370","X1O2NoCyA - X19O2NoCyA","Herpes simplex virus 1 infection",2.08375491657212e-06,"Proteomics",5.68115336245482
"372","X1O2NoCyA - X19O2NoCyA","Arrhythmogenic right ventricular cardiomyopathy",1.02715856934327e-05,"Proteomics",4.98836250628113
"373","X1O2NoCyA - X19O2NoCyA","Renin secretion",0.00766173108322248,"Proteomics",2.11567309525585
"374","X1O2NoCyA - X19O2NoCyA","African trypanosomiasis",0.012312522581226,"Proteomics",1.90965295999542
"375","X1O2NoCyA - X19O2NoCyA","Measles",0.000529852866154035,"Proteomics",3.27584471207589
"381","X1O2NoCyA - X19O2NoCyA","Alzheimer disease",4.68666655284799e-10,"Proteomics",9.32913594458297
"382","X1O2NoCyA - X19O2NoCyA","Amphetamine addiction",0.00140501005451169,"Proteomics",2.85232056785618
"386","X1O2NoCyA - X19O2NoCyA","Gastric acid secretion",0.00793672680156386,"Proteomics",2.10035856874505
"387","X1O2NoCyA - X19O2NoCyA","Apoptosis - multiple species",5.98786039694087e-05,"Proteomics",4.2227283335035
"388","X1O2NoCyA - X19O2NoCyA","Choline metabolism in cancer",0.000569163242436364,"Proteomics",3.24476315518389
"389","X1O2NoCyA - X19O2NoCyA","Human T-cell leukemia virus 1 infection",0.025600211531084,"Proteomics",1.59175644615678
"393","X1O2NoCyA - X19O2NoCyA","Cellular senescence",1.74217149295557e-07,"Proteomics",6.75890909687228
"394","X1O2NoCyA - X19O2NoCyA","Tight junction",0.00160308833986067,"Proteomics",2.79504254473449
"396","X1O2NoCyA - X19O2NoCyA","Cholinergic synapse",0.000170746140304044,"Proteomics",3.76764910470998
"397","X1O2NoCyA - X19O2NoCyA","Olfactory transduction",0.00990135009680878,"Proteomics",2.0043055832189
"398","X1O2NoCyA - X19O2NoCyA","AMPK signaling pathway",4.45486605763934e-08,"Proteomics",7.35116534915856
"399","X1O2NoCyA - X19O2NoCyA","Fanconi anemia pathway",1.58117469395887e-08,"Proteomics",7.80102014497539
"400","X1O2NoCyA - X19O2NoCyA","Glioma",8.38962423719311e-06,"Proteomics",5.07625749034747
"401","X1O2NoCyA - X19O2NoCyA","Calcium signaling pathway",0.00446109729315349,"Proteomics",2.35055830502135
"403","X1O2NoCyA - X19O2NoCyA","Neutrophil extracellular trap formation",0.000996373578580671,"Proteomics",3.00157779742292
"408","X1O2NoCyA - X19O2NoCyA","Thyroid hormone signaling pathway",2.5088983653194e-09,"Proteomics",8.60051693146139
"409","X1O2NoCyA - X19O2NoCyA","Signaling pathways regulating pluripotency of stem cells",0.00078213328907366,"Proteomics",3.1067192293232
"411","X1O2NoCyA - X19O2NoCyA","Adrenergic signaling in cardiomyocytes",0.0154887466034551,"Proteomics",1.80998372525096
"412","X1O2NoCyA - X19O2NoCyA","Insulin signaling pathway",2.42209863604936e-07,"Proteomics",6.61580817489251
"413","X1O2NoCyA - X19O2NoCyA","Rap1 signaling pathway",0.00010916960830618,"Proteomics",3.96189824791312
"414","X1O2NoCyA - X19O2NoCyA","Chemical carcinogenesis - reactive oxygen species",1.98680094156687e-05,"Proteomics",4.70184564285982
"415","X1O2NoCyA - X19O2NoCyA","Progesterone-mediated oocyte maturation",0.000219161142993083,"Proteomics",3.6592364432515
"420","X1O2NoCyA - X19O2NoCyA","Pathogenic Escherichia coli infection",0.00559751936696442,"Proteomics",2.25200439512254
"421","X1O2NoCyA - X19O2NoCyA","Leukocyte transendothelial migration",0.00244673403483413,"Proteomics",2.61141323681152
"423","X1O2NoCyA - X19O2NoCyA","Bacterial invasion of epithelial cells",0.0016413850573063,"Proteomics",2.78478952458583
"426","X1O2NoCyA - X19O2NoCyA","Fructose and mannose metabolism",2.60122048256412e-05,"Proteomics",4.58482283492342
"427","X1O2NoCyA - X19O2NoCyA","Central carbon metabolism in cancer",0.000514699573862254,"Proteomics",3.28844619131724
"429","X1O2NoCyA - X19O2NoCyA","JAK-STAT signaling pathway",0.00328298240176764,"Proteomics",2.48373144527422
"432","X1O2NoCyA - X19O2NoCyA","Proteoglycans in cancer",1.02763982931908e-05,"Proteomics",4.98815907167089
"433","X1O2NoCyA - X19O2NoCyA","Autophagy - animal",3.53445772883255e-08,"Proteomics",7.45167720801727
"435","X1O2NoCyA - X19O2NoCyA","Endocytosis",1.79574105356361e-10,"Proteomics",9.74575628855755
"436","X1O2NoCyA - X19O2NoCyA","EGFR tyrosine kinase inhibitor resistance",0.00017743239310317,"Proteomics",3.75096708990622
"437","X1O2NoCyA - X19O2NoCyA","Diabetic cardiomyopathy",0.000149346236481091,"Proteomics",3.82580571712473
"438","X1O2NoCyA - X19O2NoCyA","Pertussis",1.14446818056681e-05,"Proteomics",4.94139627742924
"439","X1O2NoCyA - X19O2NoCyA","Toll-like receptor signaling pathway",0.000204927334153014,"Proteomics",3.68840010953401
"440","X1O2NoCyA - X19O2NoCyA","Metabolism of xenobiotics by cytochrome P450",0.0749790236894514,"Proteomics",1.12506021887638
"441","X1O2NoCyA - X19O2NoCyA","Platinum drug resistance",0.000121976793207055,"Proteomics",3.91372278851224
"443","X1O2NoCyA - X19O2NoCyA","Pathways of neurodegeneration - multiple diseases",2.40397809271651e-12,"Proteomics",11.6190694943464
"444","X1O2NoCyA - X19O2NoCyA","Human papillomavirus infection",8.9163540688753e-09,"Proteomics",8.04981269399332
"445","X1O2NoCyA - X19O2NoCyA","Notch signaling pathway",6.59241066526781e-05,"Proteomics",4.18095574668343
"449","X1O2NoCyA - X19O2NoCyA","Prolactin signaling pathway",2.204397719337e-10,"Proteomics",9.65671004696605
"450","X1O2NoCyA - X19O2NoCyA","Yersinia infection",0.0728599841883234,"Proteomics",1.13751092734231
"452","X1O2NoCyA - X19O2NoCyA","Arginine and proline metabolism",0.00484039299311769,"Proteomics",2.31511937641061
"459","X1O2NoCyA - X19O2NoCyA","Natural killer cell mediated cytotoxicity",0.00104267271605251,"Proteomics",2.98185199063178
"460","X1O2NoCyA - X19O2NoCyA","Long-term potentiation",0.00104234420248263,"Proteomics",2.98198884480361
"462","X1O2NoCyA - X19O2NoCyA","Prion disease",3.17964467434167e-05,"Proteomics",4.49762140976236
"463","X1O2NoCyA - X19O2NoCyA","Nicotinate and nicotinamide metabolism",2.15016423723247e-05,"Proteomics",4.66752836585202
"464","X1O2NoCyA - X19O2NoCyA","Colorectal cancer",0.000128429178176364,"Proteomics",3.89133629650553
"467","X1O2NoCyA - X19O2NoCyA","Ether lipid metabolism",0.000153339358401476,"Proteomics",3.81434635823957
"469","X1O2NoCyA - X19O2NoCyA","Staphylococcus aureus infection",0.00075103224986488,"Proteomics",3.12434141367807
"471","X1O2NoCyA - X19O2NoCyA","Regulation of actin cytoskeleton",6.16886217154031e-07,"Proteomics",6.20979493291831
"473","X1O2NoCyA - X19O2NoCyA","Phospholipase D signaling pathway",0.000219968359710496,"Proteomics",3.65763978368397
"474","X1O2NoCyA - X19O2NoCyA","Various types of N-glycan biosynthesis",1.18809420088246e-06,"Proteomics",5.92514912391582
"475","X1O2NoCyA - X19O2NoCyA","Legionellosis",4.21509708902098e-08,"Proteomics",7.3751924175421
"476","X1O2NoCyA - X19O2NoCyA","Coronavirus disease - COVID-19",3.49136505751561e-12,"Proteomics",11.4570047389327
"477","X1O2NoCyA - X19O2NoCyA","Spinocerebellar ataxia",0.000213044324740337,"Proteomics",3.67153003042285
"478","X1O2NoCyA - X19O2NoCyA","Cytokine-cytokine receptor interaction",0.0359077594963441,"Proteomics",1.44481169230447
"479","X1O2NoCyA - X19O2NoCyA","Aldosterone synthesis and secretion",0.00124255800457505,"Proteomics",2.90568332856736
"482","X1O2NoCyA - X19O2NoCyA","B cell receptor signaling pathway",0.00200312403529175,"Proteomics",2.69829215795807
"483","X1O2NoCyA - X19O2NoCyA","Aminoacyl-tRNA biosynthesis",2.40662707251298e-06,"Proteomics",5.61859120216273
"485","X1O2NoCyA - X19O2NoCyA","Regulation of lipolysis in adipocytes",0.000213044324740337,"Proteomics",3.67153003042285
"486","X1O2NoCyA - X19O2NoCyA","Prostate cancer",0.000498276257968628,"Proteomics",3.30252980574257
"487","X1O2NoCyA - X19O2NoCyA","Breast cancer",3.70989501799211e-06,"Proteomics",5.43063837980593
"488","X1O2NoCyA - X19O2NoCyA","Ras signaling pathway",3.20280997473468e-06,"Proteomics",5.49446882760914
"489","X1O2NoCyA - X19O2NoCyA","PI3K-Akt signaling pathway",0.000992656533973506,"Proteomics",3.00320099440813
"490","X1O2NoCyA - X19O2NoCyA","Lipid and atherosclerosis",4.74303789031672e-08,"Proteomics",7.32394340592166
"491","X1O2NoCyA - X19O2NoCyA","Apoptosis",1.77724965016913e-11,"Proteomics",10.7502515625855
"492","X1O2NoCyA - X19O2NoCyA","Circadian entrainment",0.0131224793412417,"Proteomics",1.88198410227038
"495","X1O2NoCyA - X19O2NoCyA","Human cytomegalovirus infection",0.000799334449198178,"Proteomics",3.0972714696846
"498","X1O2NoCyA - X19O2NoCyA","Longevity regulating pathway",0.000178228472353034,"Proteomics",3.74902291534932
"499","X1O2NoCyA - X19O2NoCyA","Platelet activation",7.83770527173617e-05,"Proteomics",4.10581107171595
"500","X1O2NoCyA - X19O2NoCyA","ErbB signaling pathway",6.8494055905145e-05,"Proteomics",4.16434711609307
"501","X1O2NoCyA - X19O2NoCyA","Dopaminergic synapse",0.0174307693996678,"Proteomics",1.75868344257128
"502","X1O2NoCyA - X19O2NoCyA","Bladder cancer",0.00607990372593464,"Proteomics",2.2161032976395
"503","X1O2NoCyA - X19O2NoCyA","Sphingolipid metabolism",0.0105540789550201,"Proteomics",1.97657966119156
"504","X1O2NoCyA - X19O2NoCyA","Axon guidance",0.0142608653239725,"Proteomics",1.84585412146701
"505","X1O2NoCyA - X19O2NoCyA","Neurotrophin signaling pathway",5.24936414971761e-07,"Proteomics",6.27989329906889
"507","X1O2NoCyA - X19O2NoCyA","Sphingolipid signaling pathway",5.0008731321569e-05,"Proteomics",4.30095416298944
"508","X1O2NoCyA - X19O2NoCyA","Longevity regulating pathway - multiple species",0.00014259267067314,"Proteomics",3.84590279684051
"509","X1O2NoCyA - X19O2NoCyA","Vascular smooth muscle contraction",2.60122048256412e-05,"Proteomics",4.58482283492342
"510","X1O2NoCyA - X19O2NoCyA","Thyroid hormone synthesis",2.42241121677106e-11,"Proteomics",10.6157521312114
"514","X1O2NoCyA - X19O2NoCyA","Galactose metabolism",7.98493941081653e-16,"Proteomics",15.0977283749103
"517","X1O2NoCyA - X19O2NoCyA","Estrogen signaling pathway",2.39156412294003e-05,"Proteomics",4.62131797027365
"520","X1O2NoCyA - X19O2NoCyA","Focal adhesion",3.54162337316425e-05,"Proteomics",4.45079762486624
"521","X1O2NoCyA - X19O2NoCyA","TNF signaling pathway",2.03221981650354e-09,"Proteomics",8.69202931807547
"522","X1O2NoCyA - X19O2NoCyA","Gastric cancer",1.35074520865447e-06,"Proteomics",5.86942656430967
"524","X1O2NoCyA - X19O2NoCyA","Shigellosis",8.02097682644078e-09,"Proteomics",8.09577273838669
"525","X1O2NoCyA - X19O2NoCyA","Endocrine resistance",4.83412767796961e-07,"Proteomics",6.31568188328183
"526","X1O2NoCyA - X19O2NoCyA","Chemokine signaling pathway",3.42172344868016e-10,"Proteomics",9.46575509402508
"529","X1O2NoCyA - X19O2NoCyA","Type II diabetes mellitus",3.95763046964096e-05,"Proteomics",4.40256475901491
"530","X1O2NoCyA - X19O2NoCyA","Transcriptional misregulation in cancer",0.0925850837459062,"Proteomics",1.03345897626245
"532","X1O2NoCyA - X19O2NoCyA","Osteoclast differentiation",0.000162290434074375,"Proteomics",3.78970707814757
"534","X1O2NoCyA - X19O2NoCyA","Chagas disease",0.00098177811441766,"Proteomics",3.00798665332556
"536","X1O2NoCyA - X19O2NoCyA","Oxytocin signaling pathway",1.61432901596319e-06,"Proteomics",5.79200794715105
"537","X19O2NoCyA - X1O2PlusCyA","Hepatocellular carcinoma",0.0232159481780119,"Proteomics",1.63421357432521
"539","X19O2NoCyA - X1O2PlusCyA","Viral life cycle - HIV-1",0.0173660090268414,"Proteomics",1.76029997756726
"540","X19O2NoCyA - X1O2PlusCyA","GnRH signaling pathway",2.26221219703885e-10,"Proteomics",9.64546666038282
"542","X19O2NoCyA - X1O2PlusCyA","Steroid biosynthesis",0.0310701003292954,"Proteomics",1.50765734435079
"545","X19O2NoCyA - X1O2PlusCyA","C-type lectin receptor signaling pathway",5.2809590590006e-05,"Proteomics",4.27728719939638
"546","X19O2NoCyA - X1O2PlusCyA","Acute myeloid leukemia",0.0886333196573247,"Proteomics",1.05240298439918
"548","X19O2NoCyA - X1O2PlusCyA","Basal cell carcinoma",0.076329639479037,"Proteomics",1.11730678887786
"550","X19O2NoCyA - X1O2PlusCyA","cGMP-PKG signaling pathway",5.22888866473348e-11,"Proteomics",10.2815906052169
"554","X19O2NoCyA - X1O2PlusCyA","Parkinson disease",7.26746803571426e-07,"Proteomics",6.13861686969767
"555","X19O2NoCyA - X1O2PlusCyA","Amoebiasis",8.27370687603083e-06,"Proteomics",5.08229986951464
"556","X19O2NoCyA - X1O2PlusCyA","Hypertrophic cardiomyopathy",3.54162337316425e-05,"Proteomics",4.45079762486624
"558","X19O2NoCyA - X1O2PlusCyA","Oocyte meiosis",1.08820618526132e-09,"Proteomics",8.96328880993422
"559","X19O2NoCyA - X1O2PlusCyA","Wnt signaling pathway",0.0920371792485241,"Proteomics",1.03603670003787
"562","X19O2NoCyA - X1O2PlusCyA","Tuberculosis",7.14434121746661e-11,"Proteomics",10.146037811493
"563","X19O2NoCyA - X1O2PlusCyA","Cell cycle",3.08460244383661e-06,"Proteomics",5.51080080167089
"567","X19O2NoCyA - X1O2PlusCyA","Autophagy - other",0.0797442112187042,"Proteomics",1.09830083337449
"569","X19O2NoCyA - X1O2PlusCyA","Lysine degradation",0.0226900255760029,"Proteomics",1.64416501458176
"572","X19O2NoCyA - X1O2PlusCyA","Melanogenesis",1.07339927905737e-14,"Proteomics",13.9692387007403
"574","X19O2NoCyA - X1O2PlusCyA","Terpenoid backbone biosynthesis",0.00012253585953374,"Proteomics",3.91173679849426
"575","X19O2NoCyA - X1O2PlusCyA","cAMP signaling pathway",4.21509708902098e-08,"Proteomics",7.3751924175421
"576","X19O2NoCyA - X1O2PlusCyA","FoxO signaling pathway",0.0010790429476643,"Proteomics",2.96696126934636
"579","X19O2NoCyA - X1O2PlusCyA","Glucagon signaling pathway",1.03469382754186e-24,"Proteomics",23.9851881416856
"582","X19O2NoCyA - X1O2PlusCyA","Endometrial cancer",0.0267514764618938,"Proteomics",1.57265224349106
"588","X19O2NoCyA - X1O2PlusCyA","Fluid shear stress and atherosclerosis",2.67027663510747e-06,"Proteomics",5.57344374429937
"599","X19O2NoCyA - X1O2PlusCyA","p53 signaling pathway",5.63984016181255e-46,"Proteomics",45.2487332041419
"601","X19O2NoCyA - X1O2PlusCyA","Pyruvate metabolism",0.0338082786479378,"Proteomics",1.47097694082054
"605","X19O2NoCyA - X1O2PlusCyA","Amyotrophic lateral sclerosis",0.0197179551287368,"Proteomics",1.70513812602532
"607","X19O2NoCyA - X1O2PlusCyA","Glycosaminoglycan degradation",0.0857420487950857,"Proteomics",1.06680614329133
"608","X19O2NoCyA - X1O2PlusCyA","Thermogenesis",0.00071212806817385,"Proteomics",3.14744189639171
"610","X19O2NoCyA - X1O2PlusCyA","Human immunodeficiency virus 1 infection",3.19063867191443e-05,"Proteomics",4.49612237527338
"614","X19O2NoCyA - X1O2PlusCyA","Adipocytokine signaling pathway",0.0276718780172609,"Proteomics",1.55796136543961
"619","X19O2NoCyA - X1O2PlusCyA","Pancreatic cancer",0.0831318734236851,"Proteomics",1.08023243231657
"620","X19O2NoCyA - X1O2PlusCyA","Renal cell carcinoma",0.0539059669459534,"Proteomics",1.26836315933511
"621","X19O2NoCyA - X1O2PlusCyA","Apelin signaling pathway",2.81812907359066e-06,"Proteomics",5.55003911957853
"623","X19O2NoCyA - X1O2PlusCyA","Peroxisome",0.0153632455840108,"Proteomics",1.81351702712164
"625","X19O2NoCyA - X1O2PlusCyA","Kaposi sarcoma-associated herpesvirus infection",3.70989501799211e-06,"Proteomics",5.43063837980593
"629","X19O2NoCyA - X1O2PlusCyA","Pathways in cancer",6.09367455886113e-08,"Proteomics",7.21512074359298
"631","X19O2NoCyA - X1O2PlusCyA","mTOR signaling pathway",0.0833089541856327,"Proteomics",1.07930831738772
"632","X19O2NoCyA - X1O2PlusCyA","Alcoholism",5.73683291407231e-07,"Proteomics",6.2413277988108
"633","X19O2NoCyA - X1O2PlusCyA","Inflammatory mediator regulation of TRP channels",4.97936610280654e-06,"Proteomics",5.30282594149246
"634","X19O2NoCyA - X1O2PlusCyA","Mitophagy - animal",1.74625121196222e-06,"Proteomics",5.7578932794614
"635","X19O2NoCyA - X1O2PlusCyA","Viral carcinogenesis",0.0163697779686951,"Proteomics",1.78595721109658
"638","X19O2NoCyA - X1O2PlusCyA","Herpes simplex virus 1 infection",0.00778025388737971,"Proteomics",2.10900623076237
"639","X19O2NoCyA - X1O2PlusCyA","Drug metabolism - cytochrome P450",0.0571109014201276,"Proteomics",1.2432809850165
"640","X19O2NoCyA - X1O2PlusCyA","Arrhythmogenic right ventricular cardiomyopathy",2.8910324012566e-06,"Proteomics",5.53894704094501
"641","X19O2NoCyA - X1O2PlusCyA","Renin secretion",1.33832009511984e-14,"Proteomics",13.8734400009791
"642","X19O2NoCyA - X1O2PlusCyA","African trypanosomiasis",0.00235894136282496,"Proteomics",2.62728285441668
"643","X19O2NoCyA - X1O2PlusCyA","Measles",0.00494543934259119,"Proteomics",2.30579512053041
"648","X19O2NoCyA - X1O2PlusCyA","Butanoate metabolism",0.0110738807163306,"Proteomics",1.95570015885537
"649","X19O2NoCyA - X1O2PlusCyA","Alzheimer disease",8.26885135504329e-10,"Proteomics",9.08255481509231
"650","X19O2NoCyA - X1O2PlusCyA","Amphetamine addiction",5.52644811528939e-09,"Proteomics",8.25755390296872
"651","X19O2NoCyA - X1O2PlusCyA","Fatty acid degradation",0.0865367332412391,"Proteomics",1.0627995034299
"652","X19O2NoCyA - X1O2PlusCyA","Glycerolipid metabolism",0.0551424652498294,"Proteomics",1.25851382182719
"654","X19O2NoCyA - X1O2PlusCyA","Gastric acid secretion",6.16472323707887e-14,"Proteomics",13.2100864161173
"655","X19O2NoCyA - X1O2PlusCyA","Apoptosis - multiple species",0.0290967391890413,"Proteomics",1.53615567876514
"661","X19O2NoCyA - X1O2PlusCyA","Cellular senescence",0.00143692592819143,"Proteomics",2.84256561864855
"665","X19O2NoCyA - X1O2PlusCyA","Olfactory transduction",2.34685954968493e-13,"Proteomics",12.6295129004406
"666","X19O2NoCyA - X1O2PlusCyA","AMPK signaling pathway",5.10366777758652e-05,"Proteomics",4.29211760369459
"667","X19O2NoCyA - X1O2PlusCyA","Fanconi anemia pathway",0.00104234420248263,"Proteomics",2.98198884480361
"668","X19O2NoCyA - X1O2PlusCyA","Glioma",6.0191682778631e-06,"Proteomics",5.22046351493642
"669","X19O2NoCyA - X1O2PlusCyA","Calcium signaling pathway",9.65935394169864e-06,"Proteomics",5.01505192005844
"673","X19O2NoCyA - X1O2PlusCyA","Necroptosis",0.0869362222368617,"Proteomics",1.0607992357501
"679","X19O2NoCyA - X1O2PlusCyA","Adrenergic signaling in cardiomyocytes",2.92048604679719e-06,"Proteomics",5.53454486434758
"680","X19O2NoCyA - X1O2PlusCyA","Insulin signaling pathway",2.092188849621e-08,"Proteomics",7.6793991168188
"681","X19O2NoCyA - X1O2PlusCyA","Rap1 signaling pathway",4.93724191874845e-05,"Proteomics",4.30651559236656
"682","X19O2NoCyA - X1O2PlusCyA","Chemical carcinogenesis - reactive oxygen species",0.0338082786479378,"Proteomics",1.47097694082054
"685","X19O2NoCyA - X1O2PlusCyA","Propanoate metabolism",0.0535577309668024,"Proteomics",1.27117783064194
"687","X19O2NoCyA - X1O2PlusCyA","NOD-like receptor signaling pathway",0.0917856506416081,"Proteomics",1.03722520915031
"692","X19O2NoCyA - X1O2PlusCyA","Dilated cardiomyopathy",4.18993254996195e-05,"Proteomics",4.37779296830223
"694","X19O2NoCyA - X1O2PlusCyA","Fructose and mannose metabolism",6.01666416444274e-17,"Proteomics",16.2206442290933
"701","X19O2NoCyA - X1O2PlusCyA","Autophagy - animal",9.2951271023851e-06,"Proteomics",5.03174466727056
"702","X19O2NoCyA - X1O2PlusCyA","Glycolysis / Gluconeogenesis",0.000635500469601611,"Proteomics",3.19688412418895
"704","X19O2NoCyA - X1O2PlusCyA","EGFR tyrosine kinase inhibitor resistance",0.0317102131620187,"Proteomics",1.49880083855388
"708","X19O2NoCyA - X1O2PlusCyA","Metabolism of xenobiotics by cytochrome P450",0.0672836035903146,"Proteomics",1.17209075654608
"709","X19O2NoCyA - X1O2PlusCyA","Platinum drug resistance",0.00253539233063406,"Proteomics",2.59595482771298
"711","X19O2NoCyA - X1O2PlusCyA","Pathways of neurodegeneration - multiple diseases",9.49611671977198e-10,"Proteomics",9.02245395596992
"712","X19O2NoCyA - X1O2PlusCyA","Human papillomavirus infection",0.0118936008462981,"Proteomics",1.92468664067775
"722","X19O2NoCyA - X1O2PlusCyA","Protein processing in endoplasmic reticulum",0.0307722116207639,"Proteomics",1.51184128957713
"723","X19O2NoCyA - X1O2PlusCyA","Cholesterol metabolism",0.0233035279603945,"Proteomics",1.63257832542262
"728","X19O2NoCyA - X1O2PlusCyA","Long-term potentiation",2.98205337071017e-10,"Proteomics",9.52548458811391
"731","X19O2NoCyA - X1O2PlusCyA","Nicotinate and nicotinamide metabolism",0.00791183556834223,"Proteomics",2.10172274725816
"735","X19O2NoCyA - X1O2PlusCyA","Ether lipid metabolism",1.16208283970002e-17,"Proteomics",16.9347629119265
"743","X19O2NoCyA - X1O2PlusCyA","Legionellosis",0.000237378143468607,"Proteomics",3.62455927109313
"744","X19O2NoCyA - X1O2PlusCyA","Coronavirus disease - COVID-19",1.47044076598001e-06,"Proteomics",5.83255246556436
"746","X19O2NoCyA - X1O2PlusCyA","Cytokine-cytokine receptor interaction",2.68647869881396e-05,"Proteomics",4.57081659861817
"747","X19O2NoCyA - X1O2PlusCyA","Aldosterone synthesis and secretion",1.4290884196757e-08,"Proteomics",7.8449408999779
"748","X19O2NoCyA - X1O2PlusCyA","Valine, leucine and isoleucine degradation",0.000355330671160077,"Proteomics",3.44936730379502
"750","X19O2NoCyA - X1O2PlusCyA","B cell receptor signaling pathway",0.0932424411390804,"Proteomics",1.03038636493102
"752","X19O2NoCyA - X1O2PlusCyA","Alcoholic liver disease",0.00939226228750497,"Proteomics",2.02722978785694
"756","X19O2NoCyA - X1O2PlusCyA","Ras signaling pathway",9.55592175199414e-07,"Proteomics",6.019727415098
"758","X19O2NoCyA - X1O2PlusCyA","Lipid and atherosclerosis",5.21998331707472e-08,"Proteomics",7.28233088498892
"759","X19O2NoCyA - X1O2PlusCyA","Apoptosis",9.30000188623597e-07,"Proteomics",6.031516963362
"760","X19O2NoCyA - X1O2PlusCyA","Circadian entrainment",1.4072402157913e-07,"Proteomics",6.85163176220417
"763","X19O2NoCyA - X1O2PlusCyA","Human cytomegalovirus infection",0.000234264783476606,"Proteomics",3.63029299305608
"769","X19O2NoCyA - X1O2PlusCyA","Dopaminergic synapse",2.94343849721197e-06,"Proteomics",5.53114503428718
"773","X19O2NoCyA - X1O2PlusCyA","Neurotrophin signaling pathway",1.2789735040638e-10,"Proteomics",9.8931384525175
"777","X19O2NoCyA - X1O2PlusCyA","Vascular smooth muscle contraction",0.000107676468998835,"Proteomics",3.9678791945713
"779","X19O2NoCyA - X1O2PlusCyA","IL-17 signaling pathway",0.00221892506436902,"Proteomics",2.65385736414048
"781","X19O2NoCyA - X1O2PlusCyA","RIG-I-like receptor signaling pathway",0.0109217869376857,"Proteomics",1.96170629993836
"785","X19O2NoCyA - X1O2PlusCyA","Estrogen signaling pathway",4.71369103494298e-07,"Proteomics",6.32663888727984
"792","X19O2NoCyA - X1O2PlusCyA","Shigellosis",0.00389535354525024,"Proteomics",2.40945311930509
"794","X19O2NoCyA - X1O2PlusCyA","Chemokine signaling pathway",0.0132128386669903,"Proteomics",1.87900386785329
"799","X19O2NoCyA - X1O2PlusCyA","Toxoplasmosis",0.0108682430714361,"Proteomics",1.96384065702238
"800","X19O2NoCyA - X1O2PlusCyA","Osteoclast differentiation",0.000514699573862254,"Proteomics",3.28844619131724
"804","X19O2NoCyA - X1O2PlusCyA","Oxytocin signaling pathway",0.000160005960882609,"Proteomics",3.79586383778031
"4","X1O2PlusCyA - X1O2NoCyA","Steroid hormone biosynthesis",0.0249930461284229,"Transcriptomics",1.60218080925394
"5100","X1O2PlusCyA - X1O2NoCyA","N-Glycan biosynthesis",0.000355638512972145,"Transcriptomics",3.44899121433399
"1010","X1O2PlusCyA - X1O2NoCyA","Amino sugar and nucleotide sugar metabolism",0.00253401333312337,"Transcriptomics",2.5961911043355
"15","X1O2PlusCyA - X1O2NoCyA","Fatty acid elongation",0.139500757845074,"Transcriptomics",0.855423433056764
"17","X1O2PlusCyA - X1O2NoCyA","Glycosaminoglycan degradation",0.0566221759518411,"Transcriptomics",1.24701344500766
"24","X1O2PlusCyA - X1O2NoCyA","Glycerophospholipid metabolism",8.41570839467192e-05,"Transcriptomics",4.07490932128669
"27","X1O2PlusCyA - X1O2NoCyA","Vitamin B6 metabolism",0.0609843595444905,"Transcriptomics",1.21478153276761
"28","X1O2PlusCyA - X1O2NoCyA","Butanoate metabolism",0.0467798657551564,"Transcriptomics",1.32994102882611
"31","X1O2PlusCyA - X1O2NoCyA","Folate biosynthesis",0.0746013799469702,"Transcriptomics",1.1272531390446
"3410","X1O2PlusCyA - X1O2NoCyA","Fatty acid biosynthesis",0.0566221759518411,"Transcriptomics",1.24701344500766
"35","X1O2PlusCyA - X1O2NoCyA","Glycosaminoglycan biosynthesis - chondroitin sulfate / dermatan sulfate",6.9960280846472e-06,"Transcriptomics",5.155148455771
"3710","X1O2PlusCyA - X1O2NoCyA","Selenocompound metabolism",0.0786063966597729,"Transcriptomics",1.10454211145415
"4410","X1O2PlusCyA - X1O2NoCyA","Glycosylphosphatidylinositol (GPI)-anchor biosynthesis",0.109695154285212,"Transcriptomics",0.9598125566885
"4610","X1O2PlusCyA - X1O2NoCyA","One carbon pool by folate",0.139500757845074,"Transcriptomics",0.855423433056764
"5410","X1O2PlusCyA - X1O2NoCyA","Various types of N-glycan biosynthesis",0.00043833029230109,"Transcriptomics",3.35819851491618
"59","X1O2PlusCyA - X1O2NoCyA","Purine metabolism",0.136640370479362,"Transcriptomics",0.864420969130739
"60","X1O2PlusCyA - X1O2NoCyA","Sphingolipid metabolism",0.0566221759518411,"Transcriptomics",1.24701344500766
"6210","X1O2PlusCyA - X1O2NoCyA","Glycosphingolipid biosynthesis - lacto and neolacto series",0.201901184685398,"Transcriptomics",0.694861132761058
"65","X1O2PlusCyA - X1O2NoCyA","Cysteine and methionine metabolism",0.117360036640548,"Transcriptomics",0.930479763575262
"683","X1O2PlusCyA - X1O2NoCyA","Citrate cycle (TCA cycle)",0.140157678699369,"Transcriptomics",0.853383103930013
"751","X1O2NoCyA - X19O2NoCyA","Lysine degradation",0.00270683400853577,"Transcriptomics",2.56753837569875
"76","X1O2NoCyA - X19O2NoCyA","Terpenoid backbone biosynthesis",0.136640370479362,"Transcriptomics",0.864420969130739
"771","X1O2NoCyA - X19O2NoCyA","Linoleic acid metabolism",0.163216957056848,"Transcriptomics",0.787234723194575
"81","X1O2NoCyA - X19O2NoCyA","Starch and sucrose metabolism",0.139836731234719,"Transcriptomics",0.854378736478238
"841","X1O2NoCyA - X19O2NoCyA","Pyruvate metabolism",0.0427575088431079,"Transcriptomics",1.36898760578337
"931","X1O2NoCyA - X19O2NoCyA","Arginine biosynthesis",0.109438284185137,"Transcriptomics",0.960830724603935
"971","X1O2NoCyA - X19O2NoCyA","Fatty acid degradation",0.136640370479362,"Transcriptomics",0.864420969130739
"1071","X1O2NoCyA - X19O2NoCyA","Fructose and mannose metabolism",1.17635202795264e-74,"Transcriptomics",73.9294626944848
"122","X1O2NoCyA - X19O2NoCyA","Various types of N-glycan biosynthesis",0.0670321596329578,"Transcriptomics",1.17371678834061
"129","X1O2NoCyA - X19O2NoCyA","Mucin type O-glycan biosynthesis",0.139836731234719,"Transcriptomics",0.854378736478238
"1301","X1O2NoCyA - X19O2NoCyA","Glycosphingolipid biosynthesis - lacto and neolacto series",0.00326390537764576,"Transcriptomics",2.48626244016388
"1321","X1O2NoCyA - X19O2NoCyA","Mannose type O-glycan biosynthesis",0.0566221759518411,"Transcriptomics",1.24701344500766
"1401","X19O2NoCyA - X1O2PlusCyA","Steroid hormone biosynthesis",0.00265807992362825,"Transcriptomics",2.57543196475187
"1411","X19O2NoCyA - X1O2PlusCyA","N-Glycan biosynthesis",0.0670321596329578,"Transcriptomics",1.17371678834061
"142","X19O2NoCyA - X1O2PlusCyA","Glycosphingolipid biosynthesis - ganglio series",0.127135218451744,"Transcriptomics",0.895734126388907
"143","X19O2NoCyA - X1O2PlusCyA","Lysine degradation",0.179380018885955,"Transcriptomics",0.746225934596594
"1461","X19O2NoCyA - X1O2PlusCyA","Amino sugar and nucleotide sugar metabolism",0.00618282616128019,"Transcriptomics",2.20881296412026
"149","X19O2NoCyA - X1O2PlusCyA","Starch and sucrose metabolism",0.121602437607693,"Transcriptomics",0.915057719233024
"160","X19O2NoCyA - X1O2PlusCyA","Glycerophospholipid metabolism",0.0351646780528359,"Transcriptomics",1.45389335437789
"163","X19O2NoCyA - X1O2PlusCyA","Vitamin B6 metabolism",0.0172913054710615,"Transcriptomics",1.76217221682004
"1641","X19O2NoCyA - X1O2PlusCyA","Butanoate metabolism",0.0808750078225341,"Transcriptomics",1.09218566431665
"1691","X19O2NoCyA - X1O2PlusCyA","Alanine, aspartate and glutamate metabolism",0.00563542725343654,"Transcriptomics",2.24907315206229
"1711","X19O2NoCyA - X1O2PlusCyA","Glycosaminoglycan biosynthesis - chondroitin sulfate / dermatan sulfate",0.000277357350513105,"Transcriptomics",3.55696031997812
"1731","X19O2NoCyA - X1O2PlusCyA","Selenocompound metabolism",0.140157678699369,"Transcriptomics",0.853383103930013
"1751","X19O2NoCyA - X1O2PlusCyA","Fructose and mannose metabolism",2.3510827553034e-76,"Transcriptomics",75.6287320839592
"1761","X19O2NoCyA - X1O2PlusCyA","Glycosphingolipid biosynthesis - globo and isoglobo series",0.183790529431872,"Transcriptomics",0.735676871194992
"190","X19O2NoCyA - X1O2PlusCyA","Various types of N-glycan biosynthesis",0.0167289934968944,"Transcriptomics",1.77653018766248
"1941","X19O2NoCyA - X1O2PlusCyA","Pentose phosphate pathway",0.0609843595444905,"Transcriptomics",1.21478153276761
"1961","X19O2NoCyA - X1O2PlusCyA","Sphingolipid metabolism",0.139836731234719,"Transcriptomics",0.854378736478238
"2011","X19O2NoCyA - X1O2PlusCyA","Cysteine and methionine metabolism",0.121812792030385,"Transcriptomics",0.914307102372307
"1100","X1O2PlusCyA - X1O2NoCyA","Hepatocellular carcinoma",0.0109065683283804,"Phosphoproteomics",1.96231187548758
"3","X1O2PlusCyA - X1O2NoCyA","Melanoma",0.130935155265926,"Phosphoproteomics",0.882943732454805
"6","X1O2PlusCyA - X1O2NoCyA","Phagosome",0.179760292419012,"Phosphoproteomics",0.745306234114405
"8","X1O2PlusCyA - X1O2NoCyA","cGMP-PKG signaling pathway",0.243498287270822,"Phosphoproteomics",0.613504089198615
"910","X1O2PlusCyA - X1O2NoCyA","HIF-1 signaling pathway",0.00263448510529147,"Phosphoproteomics",2.57930425247476
"1011","X1O2PlusCyA - X1O2NoCyA","Parkinson disease",0.000245411059689066,"Phosphoproteomics",3.61010586926304
"1310","X1O2PlusCyA - X1O2NoCyA","Oocyte meiosis",3.09416056072785e-05,"Phosphoproteomics",4.50945715384645
"14","X1O2PlusCyA - X1O2NoCyA","Wnt signaling pathway",0.0070632662904807,"Phosphoproteomics",2.15099442020978
"1510","X1O2PlusCyA - X1O2NoCyA","mRNA surveillance pathway",0.0109065683283804,"Phosphoproteomics",1.96231187548758
"1710","X1O2PlusCyA - X1O2NoCyA","Tuberculosis",0.0109065683283804,"Phosphoproteomics",1.96231187548758
"25","X1O2PlusCyA - X1O2NoCyA","cAMP signaling pathway",0.00339488654141291,"Phosphoproteomics",2.46917473545172
"26","X1O2PlusCyA - X1O2NoCyA","FoxO signaling pathway",0.0399688414226742,"Phosphoproteomics",1.39827844045723
"2810","X1O2PlusCyA - X1O2NoCyA","Glucagon signaling pathway",0.0112888869864708,"Phosphoproteomics",1.9473488746793
"3010","X1O2PlusCyA - X1O2NoCyA","Endometrial cancer",0.175740878814839,"Phosphoproteomics",0.755127206183984
"3110","X1O2PlusCyA - X1O2NoCyA","Adherens junction",0.314495740687616,"Phosphoproteomics",0.502385231962404
"3411","X1O2PlusCyA - X1O2NoCyA","Chemical carcinogenesis - receptor activation",0.0832047327894377,"Phosphoproteomics",1.07985196979247
"3510","X1O2PlusCyA - X1O2NoCyA","Fluid shear stress and atherosclerosis",0.0448252804607319,"Phosphoproteomics",1.34847698448374
"43","X1O2PlusCyA - X1O2NoCyA","Salmonella infection",0.144914736100946,"Phosphoproteomics",0.838887449712245
"4510","X1O2PlusCyA - X1O2NoCyA","Amyotrophic lateral sclerosis",0.00725036405039742,"Phosphoproteomics",2.13964018637944
"5210","X1O2PlusCyA - X1O2NoCyA","Hepatitis B",0.0493385285683753,"Phosphoproteomics",1.30681380669395
"53","X1O2PlusCyA - X1O2NoCyA","Gap junction",0.155038087171087,"Phosphoproteomics",0.809561598498717
"55","X1O2PlusCyA - X1O2NoCyA","Renal cell carcinoma",0.00578433135442053,"Phosphoproteomics",2.23774683651669
"57","X1O2PlusCyA - X1O2NoCyA","Influenza A",0.124370690294927,"Phosphoproteomics",0.905281955199468
"5810","X1O2PlusCyA - X1O2NoCyA","Kaposi sarcoma-associated herpesvirus infection",0.0354083791908464,"Phosphoproteomics",1.45089395250148
"6010","X1O2PlusCyA - X1O2NoCyA","Growth hormone synthesis, secretion and action",0.0492896230070228,"Phosphoproteomics",1.30724450354533
"6211","X1O2PlusCyA - X1O2NoCyA","Pathways in cancer",0.0070632662904807,"Phosphoproteomics",2.15099442020978
"69","X1O2PlusCyA - X1O2NoCyA","Herpes simplex virus 1 infection",0.0493385285683753,"Phosphoproteomics",1.30681380669395
"72","X1O2PlusCyA - X1O2NoCyA","Alzheimer disease",0.0070632662904807,"Phosphoproteomics",2.15099442020978
"73","X1O2PlusCyA - X1O2NoCyA","Amphetamine addiction",0.114925983071131,"Phosphoproteomics",0.939581772628411
"753","X1O2PlusCyA - X1O2NoCyA","Gastric acid secretion",0.0223982517968083,"Phosphoproteomics",1.64978587740816
"772","X1O2PlusCyA - X1O2NoCyA","Human T-cell leukemia virus 1 infection",0.0640154486351452,"Phosphoproteomics",1.19371520652596
"842","X1O2PlusCyA - X1O2NoCyA","Glioma",0.0432011267288293,"Phosphoproteomics",1.36450492620055
"85","X1O2PlusCyA - X1O2NoCyA","Calcium signaling pathway",0.0727264339299564,"Phosphoproteomics",1.13830770711455
"881","X1O2PlusCyA - X1O2NoCyA","Necroptosis",2.16277644567913e-06,"Phosphoproteomics",5.664988368876
"891","X1O2PlusCyA - X1O2NoCyA","Thyroid hormone signaling pathway",0.0289888588619921,"Phosphoproteomics",1.53776888018464
"921","X1O2PlusCyA - X1O2NoCyA","Adrenergic signaling in cardiomyocytes",0.0256847171978472,"Phosphoproteomics",1.59032521172242
"932","X1O2PlusCyA - X1O2NoCyA","Insulin signaling pathway",0.220620934376139,"Phosphoproteomics",0.656353280414967
"951","X1O2PlusCyA - X1O2NoCyA","Chemical carcinogenesis - reactive oxygen species",0.0131696004163295,"Phosphoproteomics",1.88042740192628
"96","X1O2PlusCyA - X1O2NoCyA","Progesterone-mediated oocyte maturation",0.000414963948909687,"Phosphoproteomics",3.38198963213051
"1072","X1O2PlusCyA - X1O2NoCyA","JAK-STAT signaling pathway",0.0432011267288293,"Phosphoproteomics",1.36450492620055
"108","X1O2PlusCyA - X1O2NoCyA","Proteoglycans in cancer",0.0472412665738577,"Phosphoproteomics",1.32567846714101
"109","X1O2PlusCyA - X1O2NoCyA","Autophagy - animal",0.175740878814839,"Phosphoproteomics",0.755127206183984
"111","X1O2PlusCyA - X1O2NoCyA","Endocytosis",0.0848914829594953,"Phosphoproteomics",1.07113587971176
"1131","X1O2PlusCyA - X1O2NoCyA","Diabetic cardiomyopathy",0.0472412665738577,"Phosphoproteomics",1.32567846714101
"1161","X1O2PlusCyA - X1O2NoCyA","Pathways of neurodegeneration - multiple diseases",0.000245411059689066,"Phosphoproteomics",3.61010586926304
"117","X1O2PlusCyA - X1O2NoCyA","Human papillomavirus infection",0.280046653094931,"Phosphoproteomics",0.552769613322285
"1201","X1O2PlusCyA - X1O2NoCyA","Huntington disease",0.00310633233781926,"Phosphoproteomics",2.50775208216834
"1211","X1O2PlusCyA - X1O2NoCyA","Protein processing in endoplasmic reticulum",0.0640154486351452,"Phosphoproteomics",1.19371520652596
"123","X1O2PlusCyA - X1O2NoCyA","Long-term potentiation",3.09416056072785e-05,"Phosphoproteomics",4.50945715384645
"124","X1O2PlusCyA - X1O2NoCyA","Prion disease",0.0107992800234606,"Phosphoproteomics",1.96660519750018
"1281","X1O2PlusCyA - X1O2NoCyA","TGF-beta signaling pathway",0.174803321988112,"Phosphoproteomics",0.757450318226803
"1291","X1O2PlusCyA - X1O2NoCyA","Regulation of actin cytoskeleton",0.0280253803752156,"Phosphoproteomics",1.55244848421966
"133","X1O2PlusCyA - X1O2NoCyA","Spinocerebellar ataxia",0.00244809014389271,"Phosphoproteomics",2.61117259458432
"134","X1O2PlusCyA - X1O2NoCyA","Aldosterone synthesis and secretion",0.176924396112901,"Phosphoproteomics",0.752212278075579
"137","X1O2PlusCyA - X1O2NoCyA","Prostate cancer",0.000171610589244918,"Phosphoproteomics",3.7654559174853
"1402","X1O2PlusCyA - X1O2NoCyA","PI3K-Akt signaling pathway",0.0432011267288293,"Phosphoproteomics",1.36450492620055
"1412","X1O2PlusCyA - X1O2NoCyA","Lipid and atherosclerosis",0.00517935066541293,"Phosphoproteomics",2.28572468429041
"148","X1O2PlusCyA - X1O2NoCyA","ErbB signaling pathway",0.155038087171087,"Phosphoproteomics",0.809561598498717
"1491","X1O2PlusCyA - X1O2NoCyA","Dopaminergic synapse",0.0215858045995165,"Phosphoproteomics",1.66583175860755
"151","X1O2PlusCyA - X1O2NoCyA","Axon guidance",0.00339834301024447,"Phosphoproteomics",2.46873278793367
"1521","X1O2PlusCyA - X1O2NoCyA","Neurotrophin signaling pathway",0.00352119947405949,"Phosphoproteomics",2.45330937168372
"1531","X1O2PlusCyA - X1O2NoCyA","Sphingolipid signaling pathway",0.203570289668046,"Phosphoproteomics",0.691285605386124
"1551","X1O2PlusCyA - X1O2NoCyA","Vascular smooth muscle contraction",0.00888524390307788,"Phosphoproteomics",2.0513306461584
"156","X1O2PlusCyA - X1O2NoCyA","Thyroid hormone synthesis",0.171921002024366,"Phosphoproteomics",0.764671066267284
"1601","X1O2PlusCyA - X1O2NoCyA","Th17 cell differentiation",0.0425989249680553,"Phosphoproteomics",1.37060136067035
"174","X1O2PlusCyA - X1O2NoCyA","Oxytocin signaling pathway",0.00594973974170453,"Phosphoproteomics",2.22550203111408
"1942","X1O2NoCyA - X19O2NoCyA","Autophagy - other",0.0277719207034015,"Phosphoproteomics",1.55639408344589
"2531","X1O2NoCyA - X19O2NoCyA","Cellular senescence",0.132927403228567,"Phosphoproteomics",0.876385479221641
"2731","X1O2NoCyA - X19O2NoCyA","NOD-like receptor signaling pathway",0.175740878814839,"Phosphoproteomics",0.755127206183984
"368","X19O2NoCyA - X1O2PlusCyA","Autophagy - other",0.0223982517968083,"Phosphoproteomics",1.64978587740816
"4271","X19O2NoCyA - X1O2PlusCyA","Cellular senescence",0.313459239238068,"Phosphoproteomics",0.503818924769114
"2811","X1O2PlusCyA - X1O2NoCyA","Aldosterone synthesis and secretion",0.0374062406841313,"Combined",1.42705593607272
"3111","X1O2PlusCyA - X1O2NoCyA","Alzheimer disease",3.74413425877523e-08,"Combined",7.42664858653655
"3412","X1O2PlusCyA - X1O2NoCyA","Amino sugar and nucleotide sugar metabolism",3.11681375787675e-07,"Combined",6.50628914778506
"4310","X1O2PlusCyA - X1O2NoCyA","Amphetamine addiction",0.0254062427011292,"Combined",1.59505955749277
"6510","X1O2NoCyA - X19O2NoCyA","Arginine biosynthesis",0.00111551284655815,"Combined",2.95252542389454
"703","X1O2PlusCyA - X1O2NoCyA","Autophagy - animal",4.81543244226778e-05,"Combined",4.31736470566146
"754","X19O2NoCyA - X1O2PlusCyA","Autophagy - other",0.00789776403734206,"Combined",2.10249584588577
"761","X1O2PlusCyA - X1O2NoCyA","Axon guidance",3.58760897459998e-06,"Combined",5.44519489824439
"961","X19O2NoCyA - X1O2PlusCyA","Butanoate metabolism",0.00456527592322015,"Combined",2.34053296877359
"103","X1O2PlusCyA - X1O2NoCyA","cAMP signaling pathway",1.59295749381842e-05,"Combined",4.79779581267746
"110","X1O2NoCyA - X19O2NoCyA","Cellular senescence",5.67807433690226e-06,"Combined",5.24579892602377
"1111","X19O2NoCyA - X1O2PlusCyA","Cellular senescence",0.00711251248689872,"Combined",2.14797695813832
"1212","X1O2PlusCyA - X1O2NoCyA","Chemical carcinogenesis - reactive oxygen species",6.26640283552404e-05,"Combined",4.20298168994876
"1241","X1O2PlusCyA - X1O2NoCyA","Chemical carcinogenesis - receptor activation",0.000117027363100927,"Combined",3.93171258052455
"1602","X1O2PlusCyA - X1O2NoCyA","Diabetic cardiomyopathy",0.000411888674583793,"Combined",3.38522014937251
"178","X1O2PlusCyA - X1O2NoCyA","Endocytosis",1.96267036584388e-07,"Combined",6.70715263484535
"1811","X1O2PlusCyA - X1O2NoCyA","Endometrial cancer",0.0027898322733569,"Combined",2.55442190602576
"187","X1O2PlusCyA - X1O2NoCyA","ErbB signaling pathway",0.000124836408858384,"Combined",3.9036587330812
"2051","X1O2PlusCyA - X1O2NoCyA","Fatty acid elongation",1.1448325076142e-07,"Combined",6.94125804724529
"2141","X1O2PlusCyA - X1O2NoCyA","Fluid shear stress and atherosclerosis",0.000214867382098947,"Combined",3.66782950749413
"2231","X1O2PlusCyA - X1O2NoCyA","FoxO signaling pathway",0.00102502610527765,"Combined",2.98926507389246
"2271","X1O2NoCyA - X19O2NoCyA","Fructose and mannose metabolism",2.88878792934335e-56,"Combined",55.5392843392553
"228","X19O2NoCyA - X1O2PlusCyA","Fructose and mannose metabolism",5.00525500769544e-80,"Combined",79.3005737911889
"2411","X1O2PlusCyA - X1O2NoCyA","Glioma",0.000433880641872169,"Combined",3.36262972603037
"250","X1O2PlusCyA - X1O2NoCyA","Glycerophospholipid metabolism",8.43047730188341e-05,"Combined",4.07414783656078
"280","X1O2PlusCyA - X1O2NoCyA","Growth hormone synthesis, secretion and action",8.28731231952836e-05,"Combined",4.0815862938229
"283","X1O2PlusCyA - X1O2NoCyA","Hepatitis B",0.00404385152506995,"Combined",2.39320479843874
"289","X1O2PlusCyA - X1O2NoCyA","Hepatocellular carcinoma",1.18183477528207e-05,"Combined",4.92744323512898
"292","X1O2PlusCyA - X1O2NoCyA","Herpes simplex virus 1 infection",0.000153936350350221,"Combined",3.81265881426575
"295","X1O2PlusCyA - X1O2NoCyA","HIF-1 signaling pathway",2.26276226643661e-05,"Combined",4.64536107211609
"310","X1O2PlusCyA - X1O2NoCyA","Human papillomavirus infection",7.23573218825909e-05,"Combined",4.14051751579145
"3131","X1O2PlusCyA - X1O2NoCyA","Human T-cell leukemia virus 1 infection",0.00741525190864095,"Combined",2.12987409066737
"328","X1O2PlusCyA - X1O2NoCyA","Influenza A",0.0121490317931818,"Combined",1.9154583314182
"337","X1O2PlusCyA - X1O2NoCyA","Insulin signaling pathway",0.00734867838480389,"Combined",2.13379075911938
"340","X1O2PlusCyA - X1O2NoCyA","JAK-STAT signaling pathway",4.15267720898027e-05,"Combined",4.38167182564595
"3431","X1O2PlusCyA - X1O2NoCyA","Kaposi sarcoma-associated herpesvirus infection",0.00355409090429865,"Combined",2.44927146827793
"3551","X1O2PlusCyA - X1O2NoCyA","Lipid and atherosclerosis",8.09123863419168e-08,"Combined",7.09198499002948
"3681","X1O2NoCyA - X19O2NoCyA","Lysine degradation",2.03601917036726e-06,"Combined",5.69121813716754
"3691","X19O2NoCyA - X1O2PlusCyA","Lysine degradation",0.019511939138965,"Combined",1.70969956733008
"3821","X1O2PlusCyA - X1O2NoCyA","Melanoma",0.000218782436475694,"Combined",3.65998754544579
"4121","X1O2PlusCyA - X1O2NoCyA","Neurotrophin signaling pathway",5.30859295828165e-06,"Combined",5.2750205733496
"4451","X1O2PlusCyA - X1O2NoCyA","Oxytocin signaling pathway",1.15067523531282e-05,"Combined",4.93904723363661
"454","X1O2PlusCyA - X1O2NoCyA","Parkinson disease",1.5827197969958e-06,"Combined",5.80059596535867
"4601","X1O2PlusCyA - X1O2NoCyA","Pathways in cancer",1.89455031007864e-09,"Combined",8.72249385747823
"4631","X1O2PlusCyA - X1O2NoCyA","Pathways of neurodegeneration - multiple diseases",2.05812087769446e-09,"Combined",8.68652912181166
"4871","X1O2PlusCyA - X1O2NoCyA","PI3K-Akt signaling pathway",0.000355868387582684,"Combined",3.4487105894285
"496","X1O2PlusCyA - X1O2NoCyA","Prion disease",6.5543450239801e-07,"Combined",6.1834707008745
"4991","X1O2PlusCyA - X1O2NoCyA","Progesterone-mediated oocyte maturation",2.71748233927637e-05,"Combined",4.56583326968132
"5081","X1O2PlusCyA - X1O2NoCyA","Prostate cancer",2.08776014115954e-06,"Combined",5.68031939808095
"5141","X1O2PlusCyA - X1O2NoCyA","Proteoglycans in cancer",3.0903312833237e-07,"Combined",6.50999496173779
"5241","X1O2NoCyA - X19O2NoCyA","Pyruvate metabolism",0.0165565552837905,"Combined",1.78103001639534
"5321","X1O2PlusCyA - X1O2NoCyA","Regulation of actin cytoskeleton",4.82169012449038e-08,"Combined",7.31680070386073
"541","X1O2PlusCyA - X1O2NoCyA","Renal cell carcinoma",1.07700686486462e-06,"Combined",5.96778152849095
"5501","X1O2PlusCyA - X1O2NoCyA","Salmonella infection",2.365770127577e-05,"Combined",4.62602745631622
"565","X1O2PlusCyA - X1O2NoCyA","Sphingolipid metabolism",0.00013123358718621,"Combined",3.88195499984716
"568","X1O2PlusCyA - X1O2NoCyA","Sphingolipid signaling pathway",2.58170016451655e-05,"Combined",4.58809419756815
"571","X1O2PlusCyA - X1O2NoCyA","Spinocerebellar ataxia",7.29261411466074e-07,"Combined",6.13711676632283
"593","X1O2NoCyA - X19O2NoCyA","Terpenoid backbone biosynthesis",0.00460726360197563,"Combined",2.33655693912384
"6071","X1O2PlusCyA - X1O2NoCyA","Thyroid hormone signaling pathway",3.68968081628107e-08,"Combined",7.43301120178768
"6101","X1O2PlusCyA - X1O2NoCyA","Thyroid hormone synthesis",8.72052300648879e-11,"Combined",10.0594574678174
"637","X1O2PlusCyA - X1O2NoCyA","Various types of N-glycan biosynthesis",2.11415075666773e-10,"Combined",9.67486404708797
"6381","X1O2NoCyA - X19O2NoCyA","Various types of N-glycan biosynthesis",5.515749384422e-06,"Combined",5.25839547480859
"6401","X1O2PlusCyA - X1O2NoCyA","Vascular smooth muscle contraction",5.92130041249367e-06,"Combined",5.22758290477197
"6551","X1O2PlusCyA - X1O2NoCyA","Wnt signaling pathway",4.40640421400928e-05,"Combined",4.3559156660909
