,index,nodeModulation,Contrast,Pathway
0,ABI2,0.04402187232058274,"1% O2, CyA+_vs_1% O2, CyA-",metaNetwork
1,ACTR2,268.3673763907248,"1% O2, CyA+_vs_1% O2, CyA-",metaNetwork
2,ACTR3,1.3523104961943557,"1% O2, CyA+_vs_1% O2, CyA-",metaNetwork
3,AKT1S1,29.30680600589733,"1% O2, CyA+_vs_1% O2, CyA-",metaNetwork
4,ARAF,126.05840483908854,"1% O2, CyA+_vs_1% O2, CyA-",metaNetwork
5,ARHGAP35,99.56552466181374,"1% O2, CyA+_vs_1% O2, CyA-",metaNetwork
6,ARHGAP5,87.51859715543304,"1% O2, CyA+_vs_1% O2, CyA-",metaNetwork
7,ARHGEF1,13.511037525289693,"1% O2, CyA+_vs_1% O2, CyA-",metaNetwork
8,ARHGEF12,0.21713301897111284,"1% O2, CyA+_vs_1% O2, CyA-",metaNetwork
9,ARHGEF6,59.8589653358042,"1% O2, CyA+_vs_1% O2, CyA-",metaNetwork
10,ARHGEF7,918.694478465558,"1% O2, CyA+_vs_1% O2, CyA-",metaNetwork
11,ARNT,4559.330932200407,"1% O2, CyA+_vs_1% O2, CyA-",metaNetwork
12,ARPC2,0.7824053508010168,"1% O2, CyA+_vs_1% O2, CyA-",metaNetwork
13,ARPC3,0.5128768844724376,"1% O2, CyA+_vs_1% O2, CyA-",metaNetwork
14,ARPC4,2.6499633481160516,"1% O2, CyA+_vs_1% O2, CyA-",metaNetwork
15,ARPC5,2.644417897730823,"1% O2, CyA+_vs_1% O2, CyA-",metaNetwork
16,ATF2,103.52959394798192,"1% O2, CyA+_vs_1% O2, CyA-",metaNetwork
17,ATF4,16.052415253456157,"1% O2, CyA+_vs_1% O2, CyA-",metaNetwork
18,ATF6B,0.17324075225581162,"1% O2, CyA+_vs_1% O2, CyA-",metaNetwork
19,BAD,58.54990117694796,"1% O2, CyA+_vs_1% O2, CyA-",metaNetwork
20,BAG4,1008.9122083976868,"1% O2, CyA+_vs_1% O2, CyA-",metaNetwork
21,BAIAP2,283.08473170441107,"1% O2, CyA+_vs_1% O2, CyA-",metaNetwork
22,BCAR1,0.022208704038762912,"1% O2, CyA+_vs_1% O2, CyA-",metaNetwork
23,BCL10,50.19242769718598,"1% O2, CyA+_vs_1% O2, CyA-",metaNetwork
24,BCL2,0.3765328942867252,"1% O2, CyA+_vs_1% O2, CyA-",metaNetwork
25,BCL2A1,0.8044626523204967,"1% O2, CyA+_vs_1% O2, CyA-",metaNetwork
26,BCL2L1,1.563445873450062,"1% O2, CyA+_vs_1% O2, CyA-",metaNetwork
27,BCL2L11,16.500362344746698,"1% O2, CyA+_vs_1% O2, CyA-",metaNetwork
28,BCL3,5.81200167710027,"1% O2, CyA+_vs_1% O2, CyA-",metaNetwork
29,BLNK,1.3256230175629653,"1% O2, CyA+_vs_1% O2, CyA-",metaNetwork
30,BRAF,41.80162205623357,"1% O2, CyA+_vs_1% O2, CyA-",metaNetwork
31,BTK,32.9132271684786,"1% O2, CyA+_vs_1% O2, CyA-",metaNetwork
32,CACNA1A,0.015219048498378886,"1% O2, CyA+_vs_1% O2, CyA-",metaNetwork
33,CACNA1D,0.9346199152442836,"1% O2, CyA+_vs_1% O2, CyA-",metaNetwork
34,CACNA2D4,0.6501063683936359,"1% O2, CyA+_vs_1% O2, CyA-",metaNetwork
35,CACNB1,10.275185530614236,"1% O2, CyA+_vs_1% O2, CyA-",metaNetwork
36,CACNB3,0.1712989253574847,"1% O2, CyA+_vs_1% O2, CyA-",metaNetwork
37,CACNB4,0.31703004311144695,"1% O2, CyA+_vs_1% O2, CyA-",metaNetwork
38,CARD10,0.8799979487362127,"1% O2, CyA+_vs_1% O2, CyA-",metaNetwork
39,CARD11,72.0749256463216,"1% O2, CyA+_vs_1% O2, CyA-",metaNetwork
40,CARD9,6.860176535544304,"1% O2, CyA+_vs_1% O2, CyA-",metaNetwork
41,CASP1,0.046356453846255176,"1% O2, CyA+_vs_1% O2, CyA-",metaNetwork
42,CASP10,1.1970709188035253,"1% O2, CyA+_vs_1% O2, CyA-",metaNetwork
43,CASP3,6.192536213629606,"1% O2, CyA+_vs_1% O2, CyA-",metaNetwork
44,CASP7,167.79842676628033,"1% O2, CyA+_vs_1% O2, CyA-",metaNetwork
45,CASP8,3.2256849188855985,"1% O2, CyA+_vs_1% O2, CyA-",metaNetwork
46,CBLB,0.2804835037097093,"1% O2, CyA+_vs_1% O2, CyA-",metaNetwork
47,CCL5,0.06384024444810181,"1% O2, CyA+_vs_1% O2, CyA-",metaNetwork
48,CCND1,0.28334864807281757,"1% O2, CyA+_vs_1% O2, CyA-",metaNetwork
49,CCND2,0.10437399594268557,"1% O2, CyA+_vs_1% O2, CyA-",metaNetwork
50,CCND3,0.05278704574288711,"1% O2, CyA+_vs_1% O2, CyA-",metaNetwork
51,CCR10,0.8884684225112998,"1% O2, CyA+_vs_1% O2, CyA-",metaNetwork
52,CCR9,0.26386543994952516,"1% O2, CyA+_vs_1% O2, CyA-",metaNetwork
53,CD19,123.46421254846801,"1% O2, CyA+_vs_1% O2, CyA-",metaNetwork
54,CD226,0.11986744601169137,"1% O2, CyA+_vs_1% O2, CyA-",metaNetwork
55,CDC42,12.184430880040892,"1% O2, CyA+_vs_1% O2, CyA-",metaNetwork
56,CDK2,2.230323081541498,"1% O2, CyA+_vs_1% O2, CyA-",metaNetwork
57,CDK4,0.05889956422138791,"1% O2, CyA+_vs_1% O2, CyA-",metaNetwork
58,CDK6,2.9217035083899137,"1% O2, CyA+_vs_1% O2, CyA-",metaNetwork
59,CDKN1A,0.4753805569473257,"1% O2, CyA+_vs_1% O2, CyA-",metaNetwork
60,CDKN1B,3.4524462245634417,"1% O2, CyA+_vs_1% O2, CyA-",metaNetwork
61,CFLAR,1.5929765147554404,"1% O2, CyA+_vs_1% O2, CyA-",metaNetwork
62,CLIP1,173.78765540556526,"1% O2, CyA+_vs_1% O2, CyA-",metaNetwork
63,CNTF,2.9010086172463443,"1% O2, CyA+_vs_1% O2, CyA-",metaNetwork
64,CREB1,17.848445268740626,"1% O2, CyA+_vs_1% O2, CyA-",metaNetwork
65,CREB3,3.38670859799612,"1% O2, CyA+_vs_1% O2, CyA-",metaNetwork
66,CREB5,0.052644042893973314,"1% O2, CyA+_vs_1% O2, CyA-",metaNetwork
67,CRK,28.184199943487606,"1% O2, CyA+_vs_1% O2, CyA-",metaNetwork
68,CSF1,0.11116943488403505,"1% O2, CyA+_vs_1% O2, CyA-",metaNetwork
69,CSF2RB,16.439112797575817,"1% O2, CyA+_vs_1% O2, CyA-",metaNetwork
70,CSNK2B,28.35155099977345,"1% O2, CyA+_vs_1% O2, CyA-",metaNetwork
71,CTF1,0.7492802527394635,"1% O2, CyA+_vs_1% O2, CyA-",metaNetwork
72,CXCL16,1.172058491175489,"1% O2, CyA+_vs_1% O2, CyA-",metaNetwork
73,CXCR1,234.45466501832078,"1% O2, CyA+_vs_1% O2, CyA-",metaNetwork
74,CXCR2,0.38612073501586547,"1% O2, CyA+_vs_1% O2, CyA-",metaNetwork
75,CXCR3,0.25998277585814256,"1% O2, CyA+_vs_1% O2, CyA-",metaNetwork
76,CXCR4,5.218170803539518,"1% O2, CyA+_vs_1% O2, CyA-",metaNetwork
77,CXCR5,21.112639890541512,"1% O2, CyA+_vs_1% O2, CyA-",metaNetwork
78,CYBA,2.66715850084709,"1% O2, CyA+_vs_1% O2, CyA-",metaNetwork
79,CYLD,22.146517610995417,"1% O2, CyA+_vs_1% O2, CyA-",metaNetwork
80,DAB2IP,0.06527445452839674,"1% O2, CyA+_vs_1% O2, CyA-",metaNetwork
81,DAXX,7.38475939427197,"1% O2, CyA+_vs_1% O2, CyA-",metaNetwork
82,DDIT4,9.232713311281492,"1% O2, CyA+_vs_1% O2, CyA-",metaNetwork
83,DDX58,0.36028260222685066,"1% O2, CyA+_vs_1% O2, CyA-",metaNetwork
84,DEPTOR,0.3076696498911975,"1% O2, CyA+_vs_1% O2, CyA-",metaNetwork
85,DIAPH1,0.08935305716816795,"1% O2, CyA+_vs_1% O2, CyA-",metaNetwork
86,DIAPH2,3.239171530245815,"1% O2, CyA+_vs_1% O2, CyA-",metaNetwork
87,DIAPH3,1192.3481420656476,"1% O2, CyA+_vs_1% O2, CyA-",metaNetwork
88,DNM1L,60.68165962392932,"1% O2, CyA+_vs_1% O2, CyA-",metaNetwork
89,DOCK2,15.636112650637317,"1% O2, CyA+_vs_1% O2, CyA-",metaNetwork
90,ECSIT,0.8393203467292673,"1% O2, CyA+_vs_1% O2, CyA-",metaNetwork
91,EGFR,0.35564123942801273,"1% O2, CyA+_vs_1% O2, CyA-",metaNetwork
92,EGR2,0.10662986630777363,"1% O2, CyA+_vs_1% O2, CyA-",metaNetwork
93,EGR3,0.2807865022779851,"1% O2, CyA+_vs_1% O2, CyA-",metaNetwork
94,EIF4E,2.3209929599188133,"1% O2, CyA+_vs_1% O2, CyA-",metaNetwork
95,EIF4EBP1,24.793301446891768,"1% O2, CyA+_vs_1% O2, CyA-",metaNetwork
96,ELMO1,448.6037761816965,"1% O2, CyA+_vs_1% O2, CyA-",metaNetwork
97,ELOB,4.941851581360853,"1% O2, CyA+_vs_1% O2, CyA-",metaNetwork
98,ELOC,3.3076814015595293,"1% O2, CyA+_vs_1% O2, CyA-",metaNetwork
99,ENAH,2.3642003775357967,"1% O2, CyA+_vs_1% O2, CyA-",metaNetwork
100,EP300,2032.3936771632852,"1% O2, CyA+_vs_1% O2, CyA-",metaNetwork
101,EPOR,0.16398832634897417,"1% O2, CyA+_vs_1% O2, CyA-",metaNetwork
102,ERBB2,0.09777562916518093,"1% O2, CyA+_vs_1% O2, CyA-",metaNetwork
103,ERBB3,0.10402987006567872,"1% O2, CyA+_vs_1% O2, CyA-",metaNetwork
104,F11R,0.8685209230189791,"1% O2, CyA+_vs_1% O2, CyA-",metaNetwork
105,F2R,0.06068577055356684,"1% O2, CyA+_vs_1% O2, CyA-",metaNetwork
106,FADD,14.619931178346892,"1% O2, CyA+_vs_1% O2, CyA-",metaNetwork
107,FGD1,0.006562959299319511,"1% O2, CyA+_vs_1% O2, CyA-",metaNetwork
108,FGD3,25.735640001144095,"1% O2, CyA+_vs_1% O2, CyA-",metaNetwork
109,FGF2,0.3537065038683957,"1% O2, CyA+_vs_1% O2, CyA-",metaNetwork
110,FGFR1,0.1411810551212676,"1% O2, CyA+_vs_1% O2, CyA-",metaNetwork
111,FGFR3,0.09410797450223386,"1% O2, CyA+_vs_1% O2, CyA-",metaNetwork
112,FGFR4,1.2597926983993746,"1% O2, CyA+_vs_1% O2, CyA-",metaNetwork
113,FGR,29.83139798071589,"1% O2, CyA+_vs_1% O2, CyA-",metaNetwork
114,FLNA,32.20295281555686,"1% O2, CyA+_vs_1% O2, CyA-",metaNetwork
115,FLT1,1.655725591944422,"1% O2, CyA+_vs_1% O2, CyA-",metaNetwork
116,FLT3,1.1920711299161957,"1% O2, CyA+_vs_1% O2, CyA-",metaNetwork
117,FLT3LG,0.23440749073215444,"1% O2, CyA+_vs_1% O2, CyA-",metaNetwork
118,FN1,3.973571156517368,"1% O2, CyA+_vs_1% O2, CyA-",metaNetwork
119,FOXO3,1.0725916772711457,"1% O2, CyA+_vs_1% O2, CyA-",metaNetwork
120,G6PC,2.5120046423699045,"1% O2, CyA+_vs_1% O2, CyA-",metaNetwork
121,GAPDH,0.882822848297208,"1% O2, CyA+_vs_1% O2, CyA-",metaNetwork
122,GIT1,34.900334299429844,"1% O2, CyA+_vs_1% O2, CyA-",metaNetwork
123,GNA12,0.1819301253662699,"1% O2, CyA+_vs_1% O2, CyA-",metaNetwork
124,GNA13,3.390254833332473,"1% O2, CyA+_vs_1% O2, CyA-",metaNetwork
125,GNB1,2.7342278148097705,"1% O2, CyA+_vs_1% O2, CyA-",metaNetwork
126,GNB2,4.915925107241852,"1% O2, CyA+_vs_1% O2, CyA-",metaNetwork
127,GNB3,3.5638897575388566,"1% O2, CyA+_vs_1% O2, CyA-",metaNetwork
128,GNB4,8.672789805211574,"1% O2, CyA+_vs_1% O2, CyA-",metaNetwork
129,GNB5,0.12920405469088939,"1% O2, CyA+_vs_1% O2, CyA-",metaNetwork
130,GNG10,0.10248290876627962,"1% O2, CyA+_vs_1% O2, CyA-",metaNetwork
131,GNG12,0.177592283783237,"1% O2, CyA+_vs_1% O2, CyA-",metaNetwork
132,GNG2,0.12731439667393535,"1% O2, CyA+_vs_1% O2, CyA-",metaNetwork
133,GNG3,0.3906461922717216,"1% O2, CyA+_vs_1% O2, CyA-",metaNetwork
134,GNG5,1.9694180788079472,"1% O2, CyA+_vs_1% O2, CyA-",metaNetwork
135,GNG7,0.5503600446781256,"1% O2, CyA+_vs_1% O2, CyA-",metaNetwork
136,GNGT2,0.48380625275577477,"1% O2, CyA+_vs_1% O2, CyA-",metaNetwork
137,GRB2,0.955545800644422,"1% O2, CyA+_vs_1% O2, CyA-",metaNetwork
138,GSK3B,0.026233242574183593,"1% O2, CyA+_vs_1% O2, CyA-",metaNetwork
139,GSN,1.0676104628327228,"1% O2, CyA+_vs_1% O2, CyA-",metaNetwork
140,HCK,0.11826742898602888,"1% O2, CyA+_vs_1% O2, CyA-",metaNetwork
141,HIF1A,0.7150766924075861,"1% O2, CyA+_vs_1% O2, CyA-",metaNetwork
142,HMOX1,0.4548183894045894,"1% O2, CyA+_vs_1% O2, CyA-",metaNetwork
143,HRAS,0.1650175710732868,"1% O2, CyA+_vs_1% O2, CyA-",metaNetwork
144,HSPB1,6.878314077992365,"1% O2, CyA+_vs_1% O2, CyA-",metaNetwork
145,ICAM1,9.271271498327312,"1% O2, CyA+_vs_1% O2, CyA-",metaNetwork
146,ICAM2,60.59426076135917,"1% O2, CyA+_vs_1% O2, CyA-",metaNetwork
147,ICAM3,0.9629597337205035,"1% O2, CyA+_vs_1% O2, CyA-",metaNetwork
148,IFNAR1,13.404418313657073,"1% O2, CyA+_vs_1% O2, CyA-",metaNetwork
149,IFNAR2,0.02305925549152052,"1% O2, CyA+_vs_1% O2, CyA-",metaNetwork
150,IFNG,1.6001351672141806,"1% O2, CyA+_vs_1% O2, CyA-",metaNetwork
151,IFNGR1,0.32318391672122554,"1% O2, CyA+_vs_1% O2, CyA-",metaNetwork
152,IFNGR2,0.0175170176915769,"1% O2, CyA+_vs_1% O2, CyA-",metaNetwork
153,IFNLR1,0.14812205312580737,"1% O2, CyA+_vs_1% O2, CyA-",metaNetwork
154,IGF1R,135.24013197324803,"1% O2, CyA+_vs_1% O2, CyA-",metaNetwork
155,IKBKB,970.6275262565027,"1% O2, CyA+_vs_1% O2, CyA-",metaNetwork
156,IKBKE,0.0854006517709376,"1% O2, CyA+_vs_1% O2, CyA-",metaNetwork
157,IKBKG,26.23404087574539,"1% O2, CyA+_vs_1% O2, CyA-",metaNetwork
158,IL10RA,1.6871638154190072,"1% O2, CyA+_vs_1% O2, CyA-",metaNetwork
159,IL10RB,0.03585870150749552,"1% O2, CyA+_vs_1% O2, CyA-",metaNetwork
160,IL11,0.2315872583575498,"1% O2, CyA+_vs_1% O2, CyA-",metaNetwork
161,IL11RA,0.34391727302359765,"1% O2, CyA+_vs_1% O2, CyA-",metaNetwork
162,IL12RB1,0.2827815297172494,"1% O2, CyA+_vs_1% O2, CyA-",metaNetwork
163,IL15RA,2.1800784263269293,"1% O2, CyA+_vs_1% O2, CyA-",metaNetwork
164,IL17D,0.5180754481394727,"1% O2, CyA+_vs_1% O2, CyA-",metaNetwork
165,IL1B,1.5803823956802623,"1% O2, CyA+_vs_1% O2, CyA-",metaNetwork
166,IL1RAP,4.808299038516157,"1% O2, CyA+_vs_1% O2, CyA-",metaNetwork
167,IL20RB,0.622728360231002,"1% O2, CyA+_vs_1% O2, CyA-",metaNetwork
168,IL21R,0.000534391961783534,"1% O2, CyA+_vs_1% O2, CyA-",metaNetwork
169,IL23A,0.9628953327508099,"1% O2, CyA+_vs_1% O2, CyA-",metaNetwork
170,IL27RA,0.00878404419661788,"1% O2, CyA+_vs_1% O2, CyA-",metaNetwork
171,IL2RA,7.288471370206265,"1% O2, CyA+_vs_1% O2, CyA-",metaNetwork
172,IL2RG,0.3407840579873591,"1% O2, CyA+_vs_1% O2, CyA-",metaNetwork
173,IL4R,0.8916507565774212,"1% O2, CyA+_vs_1% O2, CyA-",metaNetwork
174,IL6ST,0.3648087049483011,"1% O2, CyA+_vs_1% O2, CyA-",metaNetwork
175,IL7R,10.98433825513332,"1% O2, CyA+_vs_1% O2, CyA-",metaNetwork
176,INSR,1.7838438629359956,"1% O2, CyA+_vs_1% O2, CyA-",metaNetwork
177,IQGAP1,333.52685204420607,"1% O2, CyA+_vs_1% O2, CyA-",metaNetwork
178,IRAK1,0.22694520349912514,"1% O2, CyA+_vs_1% O2, CyA-",metaNetwork
179,IRAK4,1.6026792141025363,"1% O2, CyA+_vs_1% O2, CyA-",metaNetwork
180,IRF1,0.3446929135855729,"1% O2, CyA+_vs_1% O2, CyA-",metaNetwork
181,IRF9,0.06625190912470798,"1% O2, CyA+_vs_1% O2, CyA-",metaNetwork
182,IRS1,26.273210154311393,"1% O2, CyA+_vs_1% O2, CyA-",metaNetwork
183,ITCH,1.077508202638393,"1% O2, CyA+_vs_1% O2, CyA-",metaNetwork
184,ITGA10,4.3162585978443255,"1% O2, CyA+_vs_1% O2, CyA-",metaNetwork
185,ITGA11,2.6538894467693233,"1% O2, CyA+_vs_1% O2, CyA-",metaNetwork
186,ITGA3,0.28605663073295423,"1% O2, CyA+_vs_1% O2, CyA-",metaNetwork
187,ITGA4,64.76945287160055,"1% O2, CyA+_vs_1% O2, CyA-",metaNetwork
188,ITGA6,0.16335309682776583,"1% O2, CyA+_vs_1% O2, CyA-",metaNetwork
189,ITGA7,0.14516067958442078,"1% O2, CyA+_vs_1% O2, CyA-",metaNetwork
190,ITGAE,0.5283138317416007,"1% O2, CyA+_vs_1% O2, CyA-",metaNetwork
191,ITGAL,34.731666947029396,"1% O2, CyA+_vs_1% O2, CyA-",metaNetwork
192,ITGAV,1.6427883517829034,"1% O2, CyA+_vs_1% O2, CyA-",metaNetwork
193,ITGB1,1.4134645475457293,"1% O2, CyA+_vs_1% O2, CyA-",metaNetwork
194,ITGB4,1.2636688653320358,"1% O2, CyA+_vs_1% O2, CyA-",metaNetwork
195,ITGB7,33.35255700689511,"1% O2, CyA+_vs_1% O2, CyA-",metaNetwork
196,JAK1,3.589365748765425,"1% O2, CyA+_vs_1% O2, CyA-",metaNetwork
197,JAK2,0.20320117031844323,"1% O2, CyA+_vs_1% O2, CyA-",metaNetwork
198,JAK3,1.5700069893854784,"1% O2, CyA+_vs_1% O2, CyA-",metaNetwork
199,JAM3,0.36489242009259093,"1% O2, CyA+_vs_1% O2, CyA-",metaNetwork
200,KRAS,2.0636800733027725,"1% O2, CyA+_vs_1% O2, CyA-",metaNetwork
201,KSR1,0.149172411207697,"1% O2, CyA+_vs_1% O2, CyA-",metaNetwork
202,LAMB4,0.1291079448917446,"1% O2, CyA+_vs_1% O2, CyA-",metaNetwork
203,LAMC1,0.8915819710491543,"1% O2, CyA+_vs_1% O2, CyA-",metaNetwork
204,LAMTOR1,76.70735833244046,"1% O2, CyA+_vs_1% O2, CyA-",metaNetwork
205,LAMTOR2,1.9645848258955312,"1% O2, CyA+_vs_1% O2, CyA-",metaNetwork
206,LAMTOR3,1.6204872992708623,"1% O2, CyA+_vs_1% O2, CyA-",metaNetwork
207,LAMTOR4,0.6723251166833996,"1% O2, CyA+_vs_1% O2, CyA-",metaNetwork
208,LAMTOR5,3.9324447868485017,"1% O2, CyA+_vs_1% O2, CyA-",metaNetwork
209,LAT,0.22719088512431343,"1% O2, CyA+_vs_1% O2, CyA-",metaNetwork
210,LEPR,1.5414347828529245,"1% O2, CyA+_vs_1% O2, CyA-",metaNetwork
211,LIMK1,34.04256689595604,"1% O2, CyA+_vs_1% O2, CyA-",metaNetwork
212,LIMK2,0.08776597399100936,"1% O2, CyA+_vs_1% O2, CyA-",metaNetwork
213,LPAR2,0.09031232370467174,"1% O2, CyA+_vs_1% O2, CyA-",metaNetwork
214,LPAR3,0.4289040654889364,"1% O2, CyA+_vs_1% O2, CyA-",metaNetwork
215,LPAR5,2.618423943197361,"1% O2, CyA+_vs_1% O2, CyA-",metaNetwork
216,LSP1,123.95998443938502,"1% O2, CyA+_vs_1% O2, CyA-",metaNetwork
217,LTA,1.5182390398290677,"1% O2, CyA+_vs_1% O2, CyA-",metaNetwork
218,LYN,22.4112483690475,"1% O2, CyA+_vs_1% O2, CyA-",metaNetwork
219,MADCAM1,0.032797010433004356,"1% O2, CyA+_vs_1% O2, CyA-",metaNetwork
220,MALT1,2.128466840229092,"1% O2, CyA+_vs_1% O2, CyA-",metaNetwork
221,MAP2K1,1.203684268472568,"1% O2, CyA+_vs_1% O2, CyA-",metaNetwork
222,MAP2K2,1.4905057251761835,"1% O2, CyA+_vs_1% O2, CyA-",metaNetwork
223,MAP2K3,1.688229603736448,"1% O2, CyA+_vs_1% O2, CyA-",metaNetwork
224,MAP2K4,14.502116451726595,"1% O2, CyA+_vs_1% O2, CyA-",metaNetwork
225,MAP2K5,0.6537753946814473,"1% O2, CyA+_vs_1% O2, CyA-",metaNetwork
226,MAP2K6,2.1671838685023,"1% O2, CyA+_vs_1% O2, CyA-",metaNetwork
227,MAP2K7,6.087851194204237,"1% O2, CyA+_vs_1% O2, CyA-",metaNetwork
228,MAP3K1,1422.6741554348826,"1% O2, CyA+_vs_1% O2, CyA-",metaNetwork
229,MAP3K11,5.908843177111252,"1% O2, CyA+_vs_1% O2, CyA-",metaNetwork
230,MAP3K12,0.5421373919077147,"1% O2, CyA+_vs_1% O2, CyA-",metaNetwork
231,MAP3K13,1.2594492750321435,"1% O2, CyA+_vs_1% O2, CyA-",metaNetwork
232,MAP3K14,0.9996374232888368,"1% O2, CyA+_vs_1% O2, CyA-",metaNetwork
233,MAP3K2,21.82858511760612,"1% O2, CyA+_vs_1% O2, CyA-",metaNetwork
234,MAP3K3,0.2271159750700185,"1% O2, CyA+_vs_1% O2, CyA-",metaNetwork
235,MAP3K4,0.21815253920820324,"1% O2, CyA+_vs_1% O2, CyA-",metaNetwork
236,MAP3K5,102.55620341611166,"1% O2, CyA+_vs_1% O2, CyA-",metaNetwork
237,MAP3K6,0.026444315645054024,"1% O2, CyA+_vs_1% O2, CyA-",metaNetwork
238,MAP3K7,50.02442693852022,"1% O2, CyA+_vs_1% O2, CyA-",metaNetwork
239,MAP3K8,5.780513102193442,"1% O2, CyA+_vs_1% O2, CyA-",metaNetwork
240,MAP4K1,54.70994655107155,"1% O2, CyA+_vs_1% O2, CyA-",metaNetwork
241,MAP4K2,28.712275263624882,"1% O2, CyA+_vs_1% O2, CyA-",metaNetwork
242,MAP4K3,0.3277186348408475,"1% O2, CyA+_vs_1% O2, CyA-",metaNetwork
243,MAP4K4,21.72942590041384,"1% O2, CyA+_vs_1% O2, CyA-",metaNetwork
244,MAPK7,0.8075793851028538,"1% O2, CyA+_vs_1% O2, CyA-",metaNetwork
245,MAPK8IP1,0.4751437198278928,"1% O2, CyA+_vs_1% O2, CyA-",metaNetwork
246,MAPK8IP2,2.4735810268770946,"1% O2, CyA+_vs_1% O2, CyA-",metaNetwork
247,MAPK8IP3,114.73968636116165,"1% O2, CyA+_vs_1% O2, CyA-",metaNetwork
248,MAPKAP1,0.17162132008202075,"1% O2, CyA+_vs_1% O2, CyA-",metaNetwork
249,MAPKAPK2,0.17732393735860966,"1% O2, CyA+_vs_1% O2, CyA-",metaNetwork
250,MAPKAPK3,5.389244493353956,"1% O2, CyA+_vs_1% O2, CyA-",metaNetwork
251,MAPKAPK5,0.3630631881253976,"1% O2, CyA+_vs_1% O2, CyA-",metaNetwork
252,MCL1,0.5295103058090943,"1% O2, CyA+_vs_1% O2, CyA-",metaNetwork
253,MDM2,1.8702017533349062,"1% O2, CyA+_vs_1% O2, CyA-",metaNetwork
254,MLKL,10.236747856699637,"1% O2, CyA+_vs_1% O2, CyA-",metaNetwork
255,MLST8,0.17320293828165104,"1% O2, CyA+_vs_1% O2, CyA-",metaNetwork
256,MSN,2.704747675569379,"1% O2, CyA+_vs_1% O2, CyA-",metaNetwork
257,MTOR,517.4324096256402,"1% O2, CyA+_vs_1% O2, CyA-",metaNetwork
258,MYB,0.9134211318930744,"1% O2, CyA+_vs_1% O2, CyA-",metaNetwork
259,MYC,4.867335387753074,"1% O2, CyA+_vs_1% O2, CyA-",metaNetwork
260,MYD88,13.28891764612017,"1% O2, CyA+_vs_1% O2, CyA-",metaNetwork
261,MYL2,0.2628411669409087,"1% O2, CyA+_vs_1% O2, CyA-",metaNetwork
262,MYL5,0.6747679038555667,"1% O2, CyA+_vs_1% O2, CyA-",metaNetwork
263,MYLPF,0.7482688025831616,"1% O2, CyA+_vs_1% O2, CyA-",metaNetwork
264,NCF1,0.44906272250032386,"1% O2, CyA+_vs_1% O2, CyA-",metaNetwork
265,NCF2,12.457168040270552,"1% O2, CyA+_vs_1% O2, CyA-",metaNetwork
266,NCF4,1.5753914323900242,"1% O2, CyA+_vs_1% O2, CyA-",metaNetwork
267,NCKAP1,1.0225237763162276,"1% O2, CyA+_vs_1% O2, CyA-",metaNetwork
268,NF1,36.87599458924595,"1% O2, CyA+_vs_1% O2, CyA-",metaNetwork
269,NFATC1,7.526005369963179,"1% O2, CyA+_vs_1% O2, CyA-",metaNetwork
270,NFATC2,1.1877285860047613,"1% O2, CyA+_vs_1% O2, CyA-",metaNetwork
271,NFATC3,42.51520512199117,"1% O2, CyA+_vs_1% O2, CyA-",metaNetwork
272,NFATC4,0.24675074362495136,"1% O2, CyA+_vs_1% O2, CyA-",metaNetwork
273,NFKB1,522.415153277221,"1% O2, CyA+_vs_1% O2, CyA-",metaNetwork
274,NFKB2,18.198139711665853,"1% O2, CyA+_vs_1% O2, CyA-",metaNetwork
275,NFKBIA,0.879184670037272,"1% O2, CyA+_vs_1% O2, CyA-",metaNetwork
276,NFKBIB,21.55443714914594,"1% O2, CyA+_vs_1% O2, CyA-",metaNetwork
277,NLK,0.025205656355980516,"1% O2, CyA+_vs_1% O2, CyA-",metaNetwork
278,NOS3,0.5187637690846877,"1% O2, CyA+_vs_1% O2, CyA-",metaNetwork
279,NR4A1,1.7077187617809626,"1% O2, CyA+_vs_1% O2, CyA-",metaNetwork
280,NRAS,21.14901100027314,"1% O2, CyA+_vs_1% O2, CyA-",metaNetwork
281,NTF3,3.3224448908194057,"1% O2, CyA+_vs_1% O2, CyA-",metaNetwork
282,OSM,0.5274331327512688,"1% O2, CyA+_vs_1% O2, CyA-",metaNetwork
283,PAK1,8.721386633079296,"1% O2, CyA+_vs_1% O2, CyA-",metaNetwork
284,PAK2,0.7066599893399367,"1% O2, CyA+_vs_1% O2, CyA-",metaNetwork
285,PAK4,25.487554287154616,"1% O2, CyA+_vs_1% O2, CyA-",metaNetwork
286,PDHB,3.128113737217896,"1% O2, CyA+_vs_1% O2, CyA-",metaNetwork
287,PDK1,9.579347439018973,"1% O2, CyA+_vs_1% O2, CyA-",metaNetwork
288,PDPK1,73.79235793732126,"1% O2, CyA+_vs_1% O2, CyA-",metaNetwork
289,PFKFB3,25.061548365992422,"1% O2, CyA+_vs_1% O2, CyA-",metaNetwork
290,PGAM5,3.1090950880942825,"1% O2, CyA+_vs_1% O2, CyA-",metaNetwork
291,PIAS1,73.52066930855123,"1% O2, CyA+_vs_1% O2, CyA-",metaNetwork
292,PIAS2,107.70714642309784,"1% O2, CyA+_vs_1% O2, CyA-",metaNetwork
293,PIAS3,0.25908596432931613,"1% O2, CyA+_vs_1% O2, CyA-",metaNetwork
294,PIAS4,21.452829237270517,"1% O2, CyA+_vs_1% O2, CyA-",metaNetwork
295,PIK3CG,6.168896643011013,"1% O2, CyA+_vs_1% O2, CyA-",metaNetwork
296,PIKFYVE,0.6481249227808383,"1% O2, CyA+_vs_1% O2, CyA-",metaNetwork
297,PIM1,1.8369488063493462,"1% O2, CyA+_vs_1% O2, CyA-",metaNetwork
298,PKN1,109.39809610651213,"1% O2, CyA+_vs_1% O2, CyA-",metaNetwork
299,PKN2,42.15845878630122,"1% O2, CyA+_vs_1% O2, CyA-",metaNetwork
300,PKN3,1.1504618124409307,"1% O2, CyA+_vs_1% O2, CyA-",metaNetwork
301,PLAU,0.19619865312032608,"1% O2, CyA+_vs_1% O2, CyA-",metaNetwork
302,PLCG1,5.7200196381321735,"1% O2, CyA+_vs_1% O2, CyA-",metaNetwork
303,PLCG2,20.087765732199173,"1% O2, CyA+_vs_1% O2, CyA-",metaNetwork
304,PLK3,0.15254326072142274,"1% O2, CyA+_vs_1% O2, CyA-",metaNetwork
305,PPM1A,1.1714932890918524,"1% O2, CyA+_vs_1% O2, CyA-",metaNetwork
306,PPM1B,7.192678794796846,"1% O2, CyA+_vs_1% O2, CyA-",metaNetwork
307,PPP1R12A,59.861955371648406,"1% O2, CyA+_vs_1% O2, CyA-",metaNetwork
308,PPP1R12B,1.99562079182684,"1% O2, CyA+_vs_1% O2, CyA-",metaNetwork
309,PPP1R12C,163.54896125859315,"1% O2, CyA+_vs_1% O2, CyA-",metaNetwork
310,PPP5C,0.11422408651409491,"1% O2, CyA+_vs_1% O2, CyA-",metaNetwork
311,PREX1,0.3263738058900259,"1% O2, CyA+_vs_1% O2, CyA-",metaNetwork
312,PRKCA,15.036205052195193,"1% O2, CyA+_vs_1% O2, CyA-",metaNetwork
313,PRKCB,5.07975766570629,"1% O2, CyA+_vs_1% O2, CyA-",metaNetwork
314,PRKCD,12.438756888020068,"1% O2, CyA+_vs_1% O2, CyA-",metaNetwork
315,PRKCG,60.304664016524825,"1% O2, CyA+_vs_1% O2, CyA-",metaNetwork
316,PRKCQ,47.96507044534572,"1% O2, CyA+_vs_1% O2, CyA-",metaNetwork
317,PRKCZ,0.11703983686648366,"1% O2, CyA+_vs_1% O2, CyA-",metaNetwork
318,PTK2,1.5171238994550424,"1% O2, CyA+_vs_1% O2, CyA-",metaNetwork
319,PTK2B,50.54000959788688,"1% O2, CyA+_vs_1% O2, CyA-",metaNetwork
320,PTPN11,11.654470490428713,"1% O2, CyA+_vs_1% O2, CyA-",metaNetwork
321,PTPN2,31.354150307666643,"1% O2, CyA+_vs_1% O2, CyA-",metaNetwork
322,PTPN6,5.518052108974951,"1% O2, CyA+_vs_1% O2, CyA-",metaNetwork
323,PXN,69.46419717367044,"1% O2, CyA+_vs_1% O2, CyA-",metaNetwork
324,PYCARD,8.63369810544711,"1% O2, CyA+_vs_1% O2, CyA-",metaNetwork
325,RAC1,4.792086758406683,"1% O2, CyA+_vs_1% O2, CyA-",metaNetwork
326,RAC2,9.00600623068651,"1% O2, CyA+_vs_1% O2, CyA-",metaNetwork
327,RAC3,2.909984595198934,"1% O2, CyA+_vs_1% O2, CyA-",metaNetwork
328,RAF1,1777.7464920966295,"1% O2, CyA+_vs_1% O2, CyA-",metaNetwork
329,RAP1A,6.335375796163757,"1% O2, CyA+_vs_1% O2, CyA-",metaNetwork
330,RAP1B,6.143892423131933,"1% O2, CyA+_vs_1% O2, CyA-",metaNetwork
331,RAPGEF2,1.2637042565598406,"1% O2, CyA+_vs_1% O2, CyA-",metaNetwork
332,RAPGEF3,2.0060359928329015,"1% O2, CyA+_vs_1% O2, CyA-",metaNetwork
333,RASA1,1.7030949708098264,"1% O2, CyA+_vs_1% O2, CyA-",metaNetwork
334,RASA2,0.9145829138943375,"1% O2, CyA+_vs_1% O2, CyA-",metaNetwork
335,RASGRF1,0.24366177256930496,"1% O2, CyA+_vs_1% O2, CyA-",metaNetwork
336,RASGRP1,1.7254913115238768,"1% O2, CyA+_vs_1% O2, CyA-",metaNetwork
337,RASGRP2,4.8351858774798195,"1% O2, CyA+_vs_1% O2, CyA-",metaNetwork
338,RASGRP3,1.2751562057809496,"1% O2, CyA+_vs_1% O2, CyA-",metaNetwork
339,RASSF5,4.4272680742394686,"1% O2, CyA+_vs_1% O2, CyA-",metaNetwork
340,RBL2,30.67011151666344,"1% O2, CyA+_vs_1% O2, CyA-",metaNetwork
341,RBX1,2.0122389186261915,"1% O2, CyA+_vs_1% O2, CyA-",metaNetwork
342,RDX,0.6328082515278428,"1% O2, CyA+_vs_1% O2, CyA-",metaNetwork
343,RELA,31.900706021970308,"1% O2, CyA+_vs_1% O2, CyA-",metaNetwork
344,RELB,22.393121807701707,"1% O2, CyA+_vs_1% O2, CyA-",metaNetwork
345,RHEB,0.6913158688464303,"1% O2, CyA+_vs_1% O2, CyA-",metaNetwork
346,RHOA,7.848840494531301,"1% O2, CyA+_vs_1% O2, CyA-",metaNetwork
347,RICTOR,50.00929899152044,"1% O2, CyA+_vs_1% O2, CyA-",metaNetwork
348,RIPK1,53.81444591377109,"1% O2, CyA+_vs_1% O2, CyA-",metaNetwork
349,RIPK3,156.53286261330422,"1% O2, CyA+_vs_1% O2, CyA-",metaNetwork
350,ROCK1,7.718362489045591,"1% O2, CyA+_vs_1% O2, CyA-",metaNetwork
351,ROCK2,4.6028377894560935,"1% O2, CyA+_vs_1% O2, CyA-",metaNetwork
352,RPS6KA4,4.687766065613848,"1% O2, CyA+_vs_1% O2, CyA-",metaNetwork
353,RPS6KA5,50.12153045776135,"1% O2, CyA+_vs_1% O2, CyA-",metaNetwork
354,RRAS,0.031919544239015725,"1% O2, CyA+_vs_1% O2, CyA-",metaNetwork
355,RRAS2,51.74982666199928,"1% O2, CyA+_vs_1% O2, CyA-",metaNetwork
356,RXRA,0.3783959142350033,"1% O2, CyA+_vs_1% O2, CyA-",metaNetwork
357,SELL,1.0365260067289845,"1% O2, CyA+_vs_1% O2, CyA-",metaNetwork
358,SGK1,0.10605177601679733,"1% O2, CyA+_vs_1% O2, CyA-",metaNetwork
359,SGK3,0.014336990328691304,"1% O2, CyA+_vs_1% O2, CyA-",metaNetwork
360,SH2D2A,1.0146487981277146,"1% O2, CyA+_vs_1% O2, CyA-",metaNetwork
361,SHC1,11.605049284065535,"1% O2, CyA+_vs_1% O2, CyA-",metaNetwork
362,SHC4,0.037290078481263526,"1% O2, CyA+_vs_1% O2, CyA-",metaNetwork
363,SIPA1,15.681877851649505,"1% O2, CyA+_vs_1% O2, CyA-",metaNetwork
364,SLC2A1,20.174678353170012,"1% O2, CyA+_vs_1% O2, CyA-",metaNetwork
365,SLC38A9,0.5435735168618369,"1% O2, CyA+_vs_1% O2, CyA-",metaNetwork
366,SLC9A1,246.66277519052306,"1% O2, CyA+_vs_1% O2, CyA-",metaNetwork
367,SOCS1,0.16814764993921508,"1% O2, CyA+_vs_1% O2, CyA-",metaNetwork
368,SOCS4,2.034365275740763,"1% O2, CyA+_vs_1% O2, CyA-",metaNetwork
369,SOCS5,1.3945332490647193,"1% O2, CyA+_vs_1% O2, CyA-",metaNetwork
370,SRC,0.281765305844796,"1% O2, CyA+_vs_1% O2, CyA-",metaNetwork
371,STAM,0.8997959896965815,"1% O2, CyA+_vs_1% O2, CyA-",metaNetwork
372,STAT1,12.24417029844821,"1% O2, CyA+_vs_1% O2, CyA-",metaNetwork
373,STAT2,5.382748262964999,"1% O2, CyA+_vs_1% O2, CyA-",metaNetwork
374,STAT3,66.833095913373,"1% O2, CyA+_vs_1% O2, CyA-",metaNetwork
375,STAT5A,22.437212407389815,"1% O2, CyA+_vs_1% O2, CyA-",metaNetwork
376,STAT5B,5.796564625486428,"1% O2, CyA+_vs_1% O2, CyA-",metaNetwork
377,STAT6,1.9645602351276708,"1% O2, CyA+_vs_1% O2, CyA-",metaNetwork
378,STK3,0.06340991850920122,"1% O2, CyA+_vs_1% O2, CyA-",metaNetwork
379,STK4,108.17062175225671,"1% O2, CyA+_vs_1% O2, CyA-",metaNetwork
380,SYK,199.36982974969158,"1% O2, CyA+_vs_1% O2, CyA-",metaNetwork
381,TBC1D7,7.813740755353375,"1% O2, CyA+_vs_1% O2, CyA-",metaNetwork
382,TELO2,134.4944054434457,"1% O2, CyA+_vs_1% O2, CyA-",metaNetwork
383,TF,3.768027398097017,"1% O2, CyA+_vs_1% O2, CyA-",metaNetwork
384,TFRC,0.8850340746134349,"1% O2, CyA+_vs_1% O2, CyA-",metaNetwork
385,TGFB1,10.87143392812299,"1% O2, CyA+_vs_1% O2, CyA-",metaNetwork
386,TGFB3,0.21775442884327487,"1% O2, CyA+_vs_1% O2, CyA-",metaNetwork
387,TGFBR1,0.20454962223875153,"1% O2, CyA+_vs_1% O2, CyA-",metaNetwork
388,TGFBR2,3.832348227960871,"1% O2, CyA+_vs_1% O2, CyA-",metaNetwork
389,THBS1,1.4113819049551624,"1% O2, CyA+_vs_1% O2, CyA-",metaNetwork
390,TIAM1,38.80078876313691,"1% O2, CyA+_vs_1% O2, CyA-",metaNetwork
391,TIRAP,0.5763220116621436,"1% O2, CyA+_vs_1% O2, CyA-",metaNetwork
392,TLR2,0.16163533310624412,"1% O2, CyA+_vs_1% O2, CyA-",metaNetwork
393,TLR4,0.2151638419379599,"1% O2, CyA+_vs_1% O2, CyA-",metaNetwork
394,TNF,2.3178353275088956,"1% O2, CyA+_vs_1% O2, CyA-",metaNetwork
395,TNFAIP3,0.48478622959748824,"1% O2, CyA+_vs_1% O2, CyA-",metaNetwork
396,TNFRSF13C,2.3003792357063717,"1% O2, CyA+_vs_1% O2, CyA-",metaNetwork
397,TNFRSF1A,3.9931948746324353,"1% O2, CyA+_vs_1% O2, CyA-",metaNetwork
398,TNFRSF1B,0.1443993195472792,"1% O2, CyA+_vs_1% O2, CyA-",metaNetwork
399,TNFSF13B,0.4351372558145732,"1% O2, CyA+_vs_1% O2, CyA-",metaNetwork
400,TP53,19.36243692279065,"1% O2, CyA+_vs_1% O2, CyA-",metaNetwork
401,TRADD,7.8086273865212,"1% O2, CyA+_vs_1% O2, CyA-",metaNetwork
402,TRAF1,0.4046419933823518,"1% O2, CyA+_vs_1% O2, CyA-",metaNetwork
403,TRAF2,4.149919649670008,"1% O2, CyA+_vs_1% O2, CyA-",metaNetwork
404,TRAF3,7.164001975839484,"1% O2, CyA+_vs_1% O2, CyA-",metaNetwork
405,TRAF5,0.5351293800918421,"1% O2, CyA+_vs_1% O2, CyA-",metaNetwork
406,TRAF6,0.4496264075921217,"1% O2, CyA+_vs_1% O2, CyA-",metaNetwork
407,TRIM25,9.304202258469271,"1% O2, CyA+_vs_1% O2, CyA-",metaNetwork
408,TSC1,67.83588166211186,"1% O2, CyA+_vs_1% O2, CyA-",metaNetwork
409,TSC2,34.680289377630785,"1% O2, CyA+_vs_1% O2, CyA-",metaNetwork
410,TTI1,0.09931663431666558,"1% O2, CyA+_vs_1% O2, CyA-",metaNetwork
411,TYK2,0.24441286262197656,"1% O2, CyA+_vs_1% O2, CyA-",metaNetwork
412,ULK1,72.28894680319831,"1% O2, CyA+_vs_1% O2, CyA-",metaNetwork
413,VCL,2.0395379818627544,"1% O2, CyA+_vs_1% O2, CyA-",metaNetwork
414,VEGFA,22.4136478489429,"1% O2, CyA+_vs_1% O2, CyA-",metaNetwork
415,VEGFB,1.161674500052831,"1% O2, CyA+_vs_1% O2, CyA-",metaNetwork
416,VHL,0.10245357447018855,"1% O2, CyA+_vs_1% O2, CyA-",metaNetwork
417,VTN,3.753376171671895,"1% O2, CyA+_vs_1% O2, CyA-",metaNetwork
418,WAS,14.83512014335125,"1% O2, CyA+_vs_1% O2, CyA-",metaNetwork
419,WASF1,18.636010827220797,"1% O2, CyA+_vs_1% O2, CyA-",metaNetwork
420,WASF2,7.26667661328464,"1% O2, CyA+_vs_1% O2, CyA-",metaNetwork
421,WASL,0.6536120509553153,"1% O2, CyA+_vs_1% O2, CyA-",metaNetwork
422,XIAP,4.956155903440845,"1% O2, CyA+_vs_1% O2, CyA-",metaNetwork
423,YWHAE,5.064026388526916,"1% O2, CyA+_vs_1% O2, CyA-",metaNetwork
424,ZAP70,0.4425164984364592,"1% O2, CyA+_vs_1% O2, CyA-",metaNetwork
425,ABI2,0.47327791454922896,"1% O2, CyA-_vs_19% O2, CyA-",metaNetwork
426,ACTR2,3486.115082424598,"1% O2, CyA-_vs_19% O2, CyA-",metaNetwork
427,ACTR3,0.4003681757454161,"1% O2, CyA-_vs_19% O2, CyA-",metaNetwork
428,AKT1S1,42.01780986716884,"1% O2, CyA-_vs_19% O2, CyA-",metaNetwork
429,ARAF,102.46368636863434,"1% O2, CyA-_vs_19% O2, CyA-",metaNetwork
430,ARHGAP35,28.448730385844954,"1% O2, CyA-_vs_19% O2, CyA-",metaNetwork
431,ARHGAP5,100.05513997894523,"1% O2, CyA-_vs_19% O2, CyA-",metaNetwork
432,ARHGEF1,34.38395660824902,"1% O2, CyA-_vs_19% O2, CyA-",metaNetwork
433,ARHGEF12,0.008215522316574894,"1% O2, CyA-_vs_19% O2, CyA-",metaNetwork
434,ARHGEF6,71.45980393428691,"1% O2, CyA-_vs_19% O2, CyA-",metaNetwork
435,ARHGEF7,790.3759925946939,"1% O2, CyA-_vs_19% O2, CyA-",metaNetwork
436,ARNT,3952.4400199304996,"1% O2, CyA-_vs_19% O2, CyA-",metaNetwork
437,ARPC2,0.5136610519969466,"1% O2, CyA-_vs_19% O2, CyA-",metaNetwork
438,ARPC3,0.3908672077490007,"1% O2, CyA-_vs_19% O2, CyA-",metaNetwork
439,ARPC4,2.893886748588349,"1% O2, CyA-_vs_19% O2, CyA-",metaNetwork
440,ARPC5,1.7317157253990205,"1% O2, CyA-_vs_19% O2, CyA-",metaNetwork
441,ATF2,485.01696030369266,"1% O2, CyA-_vs_19% O2, CyA-",metaNetwork
442,ATF4,5.773496119914876,"1% O2, CyA-_vs_19% O2, CyA-",metaNetwork
443,ATF6B,0.38084909470770817,"1% O2, CyA-_vs_19% O2, CyA-",metaNetwork
444,BAD,54.40776734884505,"1% O2, CyA-_vs_19% O2, CyA-",metaNetwork
445,BAG4,1836.9455177106897,"1% O2, CyA-_vs_19% O2, CyA-",metaNetwork
446,BAIAP2,3993.1684048004704,"1% O2, CyA-_vs_19% O2, CyA-",metaNetwork
447,BCAR1,0.09008174248536804,"1% O2, CyA-_vs_19% O2, CyA-",metaNetwork
448,BCL10,63.98356926944411,"1% O2, CyA-_vs_19% O2, CyA-",metaNetwork
449,BCL2,0.970564881531892,"1% O2, CyA-_vs_19% O2, CyA-",metaNetwork
450,BCL2A1,1.1822893387122662,"1% O2, CyA-_vs_19% O2, CyA-",metaNetwork
451,BCL2L1,1.083005083867218,"1% O2, CyA-_vs_19% O2, CyA-",metaNetwork
452,BCL2L11,776.2613207983677,"1% O2, CyA-_vs_19% O2, CyA-",metaNetwork
453,BCL3,3.0419856667227387,"1% O2, CyA-_vs_19% O2, CyA-",metaNetwork
454,BLNK,2.5717665193162667,"1% O2, CyA-_vs_19% O2, CyA-",metaNetwork
455,BRAF,51.324854797492016,"1% O2, CyA-_vs_19% O2, CyA-",metaNetwork
456,BTK,3.3480119537571404,"1% O2, CyA-_vs_19% O2, CyA-",metaNetwork
457,CACNA1A,0.11687139212092633,"1% O2, CyA-_vs_19% O2, CyA-",metaNetwork
458,CACNA1D,1.1609538583852443,"1% O2, CyA-_vs_19% O2, CyA-",metaNetwork
459,CACNA2D4,0.15315954976481846,"1% O2, CyA-_vs_19% O2, CyA-",metaNetwork
460,CACNB1,14.415803349395201,"1% O2, CyA-_vs_19% O2, CyA-",metaNetwork
461,CACNB3,1.1188731053694743,"1% O2, CyA-_vs_19% O2, CyA-",metaNetwork
462,CACNB4,0.1981072460482432,"1% O2, CyA-_vs_19% O2, CyA-",metaNetwork
463,CARD10,0.22953336341850308,"1% O2, CyA-_vs_19% O2, CyA-",metaNetwork
464,CARD11,7.12674913257228,"1% O2, CyA-_vs_19% O2, CyA-",metaNetwork
465,CARD9,3.274363139851388,"1% O2, CyA-_vs_19% O2, CyA-",metaNetwork
466,CASP1,0.4389362353976498,"1% O2, CyA-_vs_19% O2, CyA-",metaNetwork
467,CASP10,0.6718702213313659,"1% O2, CyA-_vs_19% O2, CyA-",metaNetwork
468,CASP3,6.779548077167213,"1% O2, CyA-_vs_19% O2, CyA-",metaNetwork
469,CASP7,140.05126597411882,"1% O2, CyA-_vs_19% O2, CyA-",metaNetwork
470,CASP8,1.421982821596812,"1% O2, CyA-_vs_19% O2, CyA-",metaNetwork
471,CBLB,0.09029739720156538,"1% O2, CyA-_vs_19% O2, CyA-",metaNetwork
472,CCL5,0.34350589707164547,"1% O2, CyA-_vs_19% O2, CyA-",metaNetwork
473,CCND1,0.11360528245734945,"1% O2, CyA-_vs_19% O2, CyA-",metaNetwork
474,CCND2,0.13484599945753994,"1% O2, CyA-_vs_19% O2, CyA-",metaNetwork
475,CCND3,0.1820634297112836,"1% O2, CyA-_vs_19% O2, CyA-",metaNetwork
476,CCR10,0.1386354898634526,"1% O2, CyA-_vs_19% O2, CyA-",metaNetwork
477,CCR9,0.03577857761301836,"1% O2, CyA-_vs_19% O2, CyA-",metaNetwork
478,CD19,93.16197660445819,"1% O2, CyA-_vs_19% O2, CyA-",metaNetwork
479,CD226,0.31581466465802743,"1% O2, CyA-_vs_19% O2, CyA-",metaNetwork
480,CDC42,11.638323902791198,"1% O2, CyA-_vs_19% O2, CyA-",metaNetwork
481,CDK2,1.0057651131906105,"1% O2, CyA-_vs_19% O2, CyA-",metaNetwork
482,CDK4,0.1286321797321264,"1% O2, CyA-_vs_19% O2, CyA-",metaNetwork
483,CDK6,2.902899065999696,"1% O2, CyA-_vs_19% O2, CyA-",metaNetwork
484,CDKN1A,1.2853806196506115,"1% O2, CyA-_vs_19% O2, CyA-",metaNetwork
485,CDKN1B,4.586559761948965,"1% O2, CyA-_vs_19% O2, CyA-",metaNetwork
486,CFLAR,0.2468441334385407,"1% O2, CyA-_vs_19% O2, CyA-",metaNetwork
487,CLIP1,180.30100185384302,"1% O2, CyA-_vs_19% O2, CyA-",metaNetwork
488,CNTF,4.843310271989193,"1% O2, CyA-_vs_19% O2, CyA-",metaNetwork
489,CREB1,22.181520286943023,"1% O2, CyA-_vs_19% O2, CyA-",metaNetwork
490,CREB3,0.48667999597905076,"1% O2, CyA-_vs_19% O2, CyA-",metaNetwork
491,CREB5,0.3365950933602015,"1% O2, CyA-_vs_19% O2, CyA-",metaNetwork
492,CRK,7.048552218833567,"1% O2, CyA-_vs_19% O2, CyA-",metaNetwork
493,CSF1,0.009858358083981979,"1% O2, CyA-_vs_19% O2, CyA-",metaNetwork
494,CSF2RB,278.0777226706154,"1% O2, CyA-_vs_19% O2, CyA-",metaNetwork
495,CSNK2B,8.776780988061464,"1% O2, CyA-_vs_19% O2, CyA-",metaNetwork
496,CTF1,0.8927140261435831,"1% O2, CyA-_vs_19% O2, CyA-",metaNetwork
497,CXCL16,2.3123542748799015,"1% O2, CyA-_vs_19% O2, CyA-",metaNetwork
498,CXCR1,1450.1316162893283,"1% O2, CyA-_vs_19% O2, CyA-",metaNetwork
499,CXCR2,0.29299920652856604,"1% O2, CyA-_vs_19% O2, CyA-",metaNetwork
500,CXCR3,0.11918871475164865,"1% O2, CyA-_vs_19% O2, CyA-",metaNetwork
501,CXCR4,2.8880894053997883,"1% O2, CyA-_vs_19% O2, CyA-",metaNetwork
502,CXCR5,58.91326104927375,"1% O2, CyA-_vs_19% O2, CyA-",metaNetwork
503,CYBA,0.4086354244771043,"1% O2, CyA-_vs_19% O2, CyA-",metaNetwork
504,CYLD,222.99819107964697,"1% O2, CyA-_vs_19% O2, CyA-",metaNetwork
505,DAB2IP,0.5534600470166738,"1% O2, CyA-_vs_19% O2, CyA-",metaNetwork
506,DAXX,7.100997670393268,"1% O2, CyA-_vs_19% O2, CyA-",metaNetwork
507,DDIT4,34.891124107402874,"1% O2, CyA-_vs_19% O2, CyA-",metaNetwork
508,DDX58,0.526688809519077,"1% O2, CyA-_vs_19% O2, CyA-",metaNetwork
509,DEPTOR,0.9279012479700245,"1% O2, CyA-_vs_19% O2, CyA-",metaNetwork
510,DIAPH1,0.09395376072765944,"1% O2, CyA-_vs_19% O2, CyA-",metaNetwork
511,DIAPH2,2.7438088026106637,"1% O2, CyA-_vs_19% O2, CyA-",metaNetwork
512,DIAPH3,17882.65421913786,"1% O2, CyA-_vs_19% O2, CyA-",metaNetwork
513,DNM1L,52.09590709065137,"1% O2, CyA-_vs_19% O2, CyA-",metaNetwork
514,DOCK2,39.373073781561494,"1% O2, CyA-_vs_19% O2, CyA-",metaNetwork
515,ECSIT,0.9576461358295456,"1% O2, CyA-_vs_19% O2, CyA-",metaNetwork
516,EGFR,0.0035565257937833846,"1% O2, CyA-_vs_19% O2, CyA-",metaNetwork
517,EGR2,0.1337940839204419,"1% O2, CyA-_vs_19% O2, CyA-",metaNetwork
518,EGR3,0.2137874141502586,"1% O2, CyA-_vs_19% O2, CyA-",metaNetwork
519,EIF4E,1.126607586235248,"1% O2, CyA-_vs_19% O2, CyA-",metaNetwork
520,EIF4EBP1,20.552693482030154,"1% O2, CyA-_vs_19% O2, CyA-",metaNetwork
521,ELMO1,213.5309773450139,"1% O2, CyA-_vs_19% O2, CyA-",metaNetwork
522,ELOB,7.498331583899375,"1% O2, CyA-_vs_19% O2, CyA-",metaNetwork
523,ELOC,2.77396176925329,"1% O2, CyA-_vs_19% O2, CyA-",metaNetwork
524,ENAH,1.7746940809857754,"1% O2, CyA-_vs_19% O2, CyA-",metaNetwork
525,EP300,2137.166003971033,"1% O2, CyA-_vs_19% O2, CyA-",metaNetwork
526,EPOR,0.15770232341137805,"1% O2, CyA-_vs_19% O2, CyA-",metaNetwork
527,ERBB2,0.18842528576076237,"1% O2, CyA-_vs_19% O2, CyA-",metaNetwork
528,ERBB3,0.04132257251879476,"1% O2, CyA-_vs_19% O2, CyA-",metaNetwork
529,F11R,5.737726448700516,"1% O2, CyA-_vs_19% O2, CyA-",metaNetwork
530,F2R,0.026912970990470745,"1% O2, CyA-_vs_19% O2, CyA-",metaNetwork
531,FADD,40.163993969294914,"1% O2, CyA-_vs_19% O2, CyA-",metaNetwork
532,FGD1,0.13482594312351956,"1% O2, CyA-_vs_19% O2, CyA-",metaNetwork
533,FGD3,72.63704572709972,"1% O2, CyA-_vs_19% O2, CyA-",metaNetwork
534,FGF2,2.3534392829531736,"1% O2, CyA-_vs_19% O2, CyA-",metaNetwork
535,FGFR1,0.2285311850717525,"1% O2, CyA-_vs_19% O2, CyA-",metaNetwork
536,FGFR3,0.08558504262608836,"1% O2, CyA-_vs_19% O2, CyA-",metaNetwork
537,FGFR4,0.7159203830287962,"1% O2, CyA-_vs_19% O2, CyA-",metaNetwork
538,FGR,37.99167687928773,"1% O2, CyA-_vs_19% O2, CyA-",metaNetwork
539,FLNA,55.927080574459346,"1% O2, CyA-_vs_19% O2, CyA-",metaNetwork
540,FLT1,0.9898879290103858,"1% O2, CyA-_vs_19% O2, CyA-",metaNetwork
541,FLT3,1.2353694012619278,"1% O2, CyA-_vs_19% O2, CyA-",metaNetwork
542,FLT3LG,0.04343720976258828,"1% O2, CyA-_vs_19% O2, CyA-",metaNetwork
543,FN1,0.13566365440999148,"1% O2, CyA-_vs_19% O2, CyA-",metaNetwork
544,FOXO3,0.9003559615923673,"1% O2, CyA-_vs_19% O2, CyA-",metaNetwork
545,G6PC,1.2009205186591474,"1% O2, CyA-_vs_19% O2, CyA-",metaNetwork
546,GAPDH,2.2995244473766903,"1% O2, CyA-_vs_19% O2, CyA-",metaNetwork
547,GIT1,38.00236078096291,"1% O2, CyA-_vs_19% O2, CyA-",metaNetwork
548,GNA12,0.08306661190186179,"1% O2, CyA-_vs_19% O2, CyA-",metaNetwork
549,GNA13,1.839228578500527,"1% O2, CyA-_vs_19% O2, CyA-",metaNetwork
550,GNB1,4.004840897031092,"1% O2, CyA-_vs_19% O2, CyA-",metaNetwork
551,GNB2,2.7394804927184486,"1% O2, CyA-_vs_19% O2, CyA-",metaNetwork
552,GNB3,0.38180564644562587,"1% O2, CyA-_vs_19% O2, CyA-",metaNetwork
553,GNB4,4.551040308891611,"1% O2, CyA-_vs_19% O2, CyA-",metaNetwork
554,GNB5,0.11652318667153395,"1% O2, CyA-_vs_19% O2, CyA-",metaNetwork
555,GNG10,0.02158776157323327,"1% O2, CyA-_vs_19% O2, CyA-",metaNetwork
556,GNG12,1.7092881407495322,"1% O2, CyA-_vs_19% O2, CyA-",metaNetwork
557,GNG2,0.259815495440653,"1% O2, CyA-_vs_19% O2, CyA-",metaNetwork
558,GNG3,0.36619351390283617,"1% O2, CyA-_vs_19% O2, CyA-",metaNetwork
559,GNG5,1.2104931131592414,"1% O2, CyA-_vs_19% O2, CyA-",metaNetwork
560,GNG7,4.0783031108056065,"1% O2, CyA-_vs_19% O2, CyA-",metaNetwork
561,GNGT2,0.0714384770168215,"1% O2, CyA-_vs_19% O2, CyA-",metaNetwork
562,GRB2,1.518725833005363,"1% O2, CyA-_vs_19% O2, CyA-",metaNetwork
563,GSK3B,0.2140827291778486,"1% O2, CyA-_vs_19% O2, CyA-",metaNetwork
564,GSN,8.004024674980707,"1% O2, CyA-_vs_19% O2, CyA-",metaNetwork
565,HCK,0.05166011331647226,"1% O2, CyA-_vs_19% O2, CyA-",metaNetwork
566,HIF1A,0.5912106235522221,"1% O2, CyA-_vs_19% O2, CyA-",metaNetwork
567,HMOX1,0.49322389620141666,"1% O2, CyA-_vs_19% O2, CyA-",metaNetwork
568,HRAS,0.2743648470137825,"1% O2, CyA-_vs_19% O2, CyA-",metaNetwork
569,HSPB1,10.517833953857778,"1% O2, CyA-_vs_19% O2, CyA-",metaNetwork
570,ICAM1,15.811021143574768,"1% O2, CyA-_vs_19% O2, CyA-",metaNetwork
571,ICAM2,61.130597717682626,"1% O2, CyA-_vs_19% O2, CyA-",metaNetwork
572,ICAM3,0.6696786947442027,"1% O2, CyA-_vs_19% O2, CyA-",metaNetwork
573,IFNAR1,15.27057672820986,"1% O2, CyA-_vs_19% O2, CyA-",metaNetwork
574,IFNAR2,0.0031766349927875937,"1% O2, CyA-_vs_19% O2, CyA-",metaNetwork
575,IFNG,0.5413726877368102,"1% O2, CyA-_vs_19% O2, CyA-",metaNetwork
576,IFNGR1,0.06129526206137866,"1% O2, CyA-_vs_19% O2, CyA-",metaNetwork
577,IFNGR2,0.024878735143055174,"1% O2, CyA-_vs_19% O2, CyA-",metaNetwork
578,IFNLR1,0.1771913049764275,"1% O2, CyA-_vs_19% O2, CyA-",metaNetwork
579,IGF1R,1952.7787294681032,"1% O2, CyA-_vs_19% O2, CyA-",metaNetwork
580,IKBKB,1332.3445278099828,"1% O2, CyA-_vs_19% O2, CyA-",metaNetwork
581,IKBKE,0.15025027617197156,"1% O2, CyA-_vs_19% O2, CyA-",metaNetwork
582,IKBKG,202.18733945957214,"1% O2, CyA-_vs_19% O2, CyA-",metaNetwork
583,IL10RA,0.37352536113453366,"1% O2, CyA-_vs_19% O2, CyA-",metaNetwork
584,IL10RB,0.2544531859722508,"1% O2, CyA-_vs_19% O2, CyA-",metaNetwork
585,IL11,0.43697151717349564,"1% O2, CyA-_vs_19% O2, CyA-",metaNetwork
586,IL11RA,1.2078681713293524,"1% O2, CyA-_vs_19% O2, CyA-",metaNetwork
587,IL12RB1,0.10357183191802735,"1% O2, CyA-_vs_19% O2, CyA-",metaNetwork
588,IL15RA,0.006893964973621417,"1% O2, CyA-_vs_19% O2, CyA-",metaNetwork
589,IL17D,0.4283635774905789,"1% O2, CyA-_vs_19% O2, CyA-",metaNetwork
590,IL1B,1.1258588354992671,"1% O2, CyA-_vs_19% O2, CyA-",metaNetwork
591,IL1RAP,8.097997142938432,"1% O2, CyA-_vs_19% O2, CyA-",metaNetwork
592,IL20RB,0.28824569005059436,"1% O2, CyA-_vs_19% O2, CyA-",metaNetwork
593,IL21R,0.4041190594785434,"1% O2, CyA-_vs_19% O2, CyA-",metaNetwork
594,IL23A,2.9381225681914707,"1% O2, CyA-_vs_19% O2, CyA-",metaNetwork
595,IL27RA,0.03806754592907581,"1% O2, CyA-_vs_19% O2, CyA-",metaNetwork
596,IL2RA,3.310261522010322,"1% O2, CyA-_vs_19% O2, CyA-",metaNetwork
597,IL2RG,1.1707765351742239,"1% O2, CyA-_vs_19% O2, CyA-",metaNetwork
598,IL4R,0.74126291902973,"1% O2, CyA-_vs_19% O2, CyA-",metaNetwork
599,IL6ST,0.6132978995968112,"1% O2, CyA-_vs_19% O2, CyA-",metaNetwork
600,IL7R,1.176411234749764,"1% O2, CyA-_vs_19% O2, CyA-",metaNetwork
601,INSR,1.3263343656428888,"1% O2, CyA-_vs_19% O2, CyA-",metaNetwork
602,IQGAP1,464.0433598181419,"1% O2, CyA-_vs_19% O2, CyA-",metaNetwork
603,IRAK1,0.0628549208529629,"1% O2, CyA-_vs_19% O2, CyA-",metaNetwork
604,IRAK4,3.469261458099063,"1% O2, CyA-_vs_19% O2, CyA-",metaNetwork
605,IRF1,0.19790537030049546,"1% O2, CyA-_vs_19% O2, CyA-",metaNetwork
606,IRF9,1.1360446676548,"1% O2, CyA-_vs_19% O2, CyA-",metaNetwork
607,IRS1,79.78293306496393,"1% O2, CyA-_vs_19% O2, CyA-",metaNetwork
608,ITCH,1.1467628500342013,"1% O2, CyA-_vs_19% O2, CyA-",metaNetwork
609,ITGA10,3.483825205847915,"1% O2, CyA-_vs_19% O2, CyA-",metaNetwork
610,ITGA11,5.137105593363607,"1% O2, CyA-_vs_19% O2, CyA-",metaNetwork
611,ITGA3,0.15757670001884624,"1% O2, CyA-_vs_19% O2, CyA-",metaNetwork
612,ITGA4,88.4410078079781,"1% O2, CyA-_vs_19% O2, CyA-",metaNetwork
613,ITGA6,0.005815986235575216,"1% O2, CyA-_vs_19% O2, CyA-",metaNetwork
614,ITGA7,0.25178625178957936,"1% O2, CyA-_vs_19% O2, CyA-",metaNetwork
615,ITGAE,0.29874205093217376,"1% O2, CyA-_vs_19% O2, CyA-",metaNetwork
616,ITGAL,28.86082643037655,"1% O2, CyA-_vs_19% O2, CyA-",metaNetwork
617,ITGAV,1.975927247681141,"1% O2, CyA-_vs_19% O2, CyA-",metaNetwork
618,ITGB1,0.16884641406748108,"1% O2, CyA-_vs_19% O2, CyA-",metaNetwork
619,ITGB4,1.1391870583181527,"1% O2, CyA-_vs_19% O2, CyA-",metaNetwork
620,ITGB7,15.742708483511555,"1% O2, CyA-_vs_19% O2, CyA-",metaNetwork
621,JAK1,1.764282876739074,"1% O2, CyA-_vs_19% O2, CyA-",metaNetwork
622,JAK2,0.3535632347375662,"1% O2, CyA-_vs_19% O2, CyA-",metaNetwork
623,JAK3,1.070298979175805,"1% O2, CyA-_vs_19% O2, CyA-",metaNetwork
624,JAM3,0.4208886170391267,"1% O2, CyA-_vs_19% O2, CyA-",metaNetwork
625,KRAS,1.2695090509926412,"1% O2, CyA-_vs_19% O2, CyA-",metaNetwork
626,KSR1,0.0653046913336295,"1% O2, CyA-_vs_19% O2, CyA-",metaNetwork
627,LAMB4,0.12788230241451934,"1% O2, CyA-_vs_19% O2, CyA-",metaNetwork
628,LAMC1,0.03617113423492391,"1% O2, CyA-_vs_19% O2, CyA-",metaNetwork
629,LAMTOR1,65.96724101171907,"1% O2, CyA-_vs_19% O2, CyA-",metaNetwork
630,LAMTOR2,9.98261970078599,"1% O2, CyA-_vs_19% O2, CyA-",metaNetwork
631,LAMTOR3,0.3476223104412859,"1% O2, CyA-_vs_19% O2, CyA-",metaNetwork
632,LAMTOR4,0.31798707803456805,"1% O2, CyA-_vs_19% O2, CyA-",metaNetwork
633,LAMTOR5,1.0456659643791444,"1% O2, CyA-_vs_19% O2, CyA-",metaNetwork
634,LAT,0.21907176181157256,"1% O2, CyA-_vs_19% O2, CyA-",metaNetwork
635,LEPR,0.33106117905364607,"1% O2, CyA-_vs_19% O2, CyA-",metaNetwork
636,LIMK1,17.926663042468675,"1% O2, CyA-_vs_19% O2, CyA-",metaNetwork
637,LIMK2,0.1173401670358987,"1% O2, CyA-_vs_19% O2, CyA-",metaNetwork
638,LPAR2,0.48261849129676915,"1% O2, CyA-_vs_19% O2, CyA-",metaNetwork
639,LPAR3,0.15380097770017312,"1% O2, CyA-_vs_19% O2, CyA-",metaNetwork
640,LPAR5,1.271564560303761,"1% O2, CyA-_vs_19% O2, CyA-",metaNetwork
641,LSP1,278.38145810505273,"1% O2, CyA-_vs_19% O2, CyA-",metaNetwork
642,LTA,0.6238038596479294,"1% O2, CyA-_vs_19% O2, CyA-",metaNetwork
643,LYN,5.724873076956424,"1% O2, CyA-_vs_19% O2, CyA-",metaNetwork
644,MADCAM1,0.013915516597755497,"1% O2, CyA-_vs_19% O2, CyA-",metaNetwork
645,MALT1,1.4209423720623333,"1% O2, CyA-_vs_19% O2, CyA-",metaNetwork
646,MAP2K1,0.7353599791441419,"1% O2, CyA-_vs_19% O2, CyA-",metaNetwork
647,MAP2K2,0.08306166018269866,"1% O2, CyA-_vs_19% O2, CyA-",metaNetwork
648,MAP2K3,0.8072663590727595,"1% O2, CyA-_vs_19% O2, CyA-",metaNetwork
649,MAP2K4,8.423173512738597,"1% O2, CyA-_vs_19% O2, CyA-",metaNetwork
650,MAP2K5,0.009335611160432349,"1% O2, CyA-_vs_19% O2, CyA-",metaNetwork
651,MAP2K6,2.153295066872692,"1% O2, CyA-_vs_19% O2, CyA-",metaNetwork
652,MAP2K7,6.0659253521271745,"1% O2, CyA-_vs_19% O2, CyA-",metaNetwork
653,MAP3K1,1577.0534492015156,"1% O2, CyA-_vs_19% O2, CyA-",metaNetwork
654,MAP3K11,24.79667883229624,"1% O2, CyA-_vs_19% O2, CyA-",metaNetwork
655,MAP3K12,0.9587666766722915,"1% O2, CyA-_vs_19% O2, CyA-",metaNetwork
656,MAP3K13,0.2073487750810963,"1% O2, CyA-_vs_19% O2, CyA-",metaNetwork
657,MAP3K14,0.20125524387764698,"1% O2, CyA-_vs_19% O2, CyA-",metaNetwork
658,MAP3K2,6.048437740223682,"1% O2, CyA-_vs_19% O2, CyA-",metaNetwork
659,MAP3K3,0.052172105721281586,"1% O2, CyA-_vs_19% O2, CyA-",metaNetwork
660,MAP3K4,0.12996684257126934,"1% O2, CyA-_vs_19% O2, CyA-",metaNetwork
661,MAP3K5,48.64965750473051,"1% O2, CyA-_vs_19% O2, CyA-",metaNetwork
662,MAP3K6,0.5426305517521218,"1% O2, CyA-_vs_19% O2, CyA-",metaNetwork
663,MAP3K7,165.44025939105802,"1% O2, CyA-_vs_19% O2, CyA-",metaNetwork
664,MAP3K8,1.5314677289920828,"1% O2, CyA-_vs_19% O2, CyA-",metaNetwork
665,MAP4K1,35.46188540741744,"1% O2, CyA-_vs_19% O2, CyA-",metaNetwork
666,MAP4K2,117.00512512951708,"1% O2, CyA-_vs_19% O2, CyA-",metaNetwork
667,MAP4K3,0.13955173364093032,"1% O2, CyA-_vs_19% O2, CyA-",metaNetwork
668,MAP4K4,183.1742952484599,"1% O2, CyA-_vs_19% O2, CyA-",metaNetwork
669,MAPK7,2.338007594163473,"1% O2, CyA-_vs_19% O2, CyA-",metaNetwork
670,MAPK8IP1,0.9093393472542062,"1% O2, CyA-_vs_19% O2, CyA-",metaNetwork
671,MAPK8IP2,0.894042556248465,"1% O2, CyA-_vs_19% O2, CyA-",metaNetwork
672,MAPK8IP3,2116.2366295465854,"1% O2, CyA-_vs_19% O2, CyA-",metaNetwork
673,MAPKAP1,0.038308945934024924,"1% O2, CyA-_vs_19% O2, CyA-",metaNetwork
674,MAPKAPK2,0.24408112442734473,"1% O2, CyA-_vs_19% O2, CyA-",metaNetwork
675,MAPKAPK3,0.5629714049327543,"1% O2, CyA-_vs_19% O2, CyA-",metaNetwork
676,MAPKAPK5,0.32938136343587543,"1% O2, CyA-_vs_19% O2, CyA-",metaNetwork
677,MCL1,1.8117205156248157,"1% O2, CyA-_vs_19% O2, CyA-",metaNetwork
678,MDM2,0.2245941936985459,"1% O2, CyA-_vs_19% O2, CyA-",metaNetwork
679,MLKL,5.79281616830311,"1% O2, CyA-_vs_19% O2, CyA-",metaNetwork
680,MLST8,0.02060367254185098,"1% O2, CyA-_vs_19% O2, CyA-",metaNetwork
681,MSN,5.500345062581512,"1% O2, CyA-_vs_19% O2, CyA-",metaNetwork
682,MTOR,691.6666093542867,"1% O2, CyA-_vs_19% O2, CyA-",metaNetwork
683,MYB,0.5377589767568468,"1% O2, CyA-_vs_19% O2, CyA-",metaNetwork
684,MYC,6.442803830193743,"1% O2, CyA-_vs_19% O2, CyA-",metaNetwork
685,MYD88,14.404736191633129,"1% O2, CyA-_vs_19% O2, CyA-",metaNetwork
686,MYL2,1.4990181484827143,"1% O2, CyA-_vs_19% O2, CyA-",metaNetwork
687,MYL5,1.3316909235134917,"1% O2, CyA-_vs_19% O2, CyA-",metaNetwork
688,MYLPF,0.3143512233206519,"1% O2, CyA-_vs_19% O2, CyA-",metaNetwork
689,NCF1,0.5272087482269509,"1% O2, CyA-_vs_19% O2, CyA-",metaNetwork
690,NCF2,16.486790210329605,"1% O2, CyA-_vs_19% O2, CyA-",metaNetwork
691,NCF4,5.238862701215693,"1% O2, CyA-_vs_19% O2, CyA-",metaNetwork
692,NCKAP1,0.9864092907942463,"1% O2, CyA-_vs_19% O2, CyA-",metaNetwork
693,NF1,231.24590550922608,"1% O2, CyA-_vs_19% O2, CyA-",metaNetwork
694,NFATC1,15.332778517207764,"1% O2, CyA-_vs_19% O2, CyA-",metaNetwork
695,NFATC2,25.219210502075747,"1% O2, CyA-_vs_19% O2, CyA-",metaNetwork
696,NFATC3,19.459164791451897,"1% O2, CyA-_vs_19% O2, CyA-",metaNetwork
697,NFATC4,2.8395239080676395,"1% O2, CyA-_vs_19% O2, CyA-",metaNetwork
698,NFKB1,547.7192639946684,"1% O2, CyA-_vs_19% O2, CyA-",metaNetwork
699,NFKB2,6.221822209140399,"1% O2, CyA-_vs_19% O2, CyA-",metaNetwork
700,NFKBIA,0.10564568771250951,"1% O2, CyA-_vs_19% O2, CyA-",metaNetwork
701,NFKBIB,18.799468292657547,"1% O2, CyA-_vs_19% O2, CyA-",metaNetwork
702,NLK,0.24386265812455207,"1% O2, CyA-_vs_19% O2, CyA-",metaNetwork
703,NOS3,0.6860474694227453,"1% O2, CyA-_vs_19% O2, CyA-",metaNetwork
704,NR4A1,1.2870533318619446,"1% O2, CyA-_vs_19% O2, CyA-",metaNetwork
705,NRAS,14.644592925467013,"1% O2, CyA-_vs_19% O2, CyA-",metaNetwork
706,NTF3,1.7407838555247015,"1% O2, CyA-_vs_19% O2, CyA-",metaNetwork
707,OSM,0.2769803818814517,"1% O2, CyA-_vs_19% O2, CyA-",metaNetwork
708,PAK1,5.981470490115526,"1% O2, CyA-_vs_19% O2, CyA-",metaNetwork
709,PAK2,0.14154325216837307,"1% O2, CyA-_vs_19% O2, CyA-",metaNetwork
710,PAK4,15.49667565390125,"1% O2, CyA-_vs_19% O2, CyA-",metaNetwork
711,PDHB,2.244848460532417,"1% O2, CyA-_vs_19% O2, CyA-",metaNetwork
712,PDK1,62.41554342483549,"1% O2, CyA-_vs_19% O2, CyA-",metaNetwork
713,PDPK1,64.91671334047572,"1% O2, CyA-_vs_19% O2, CyA-",metaNetwork
714,PFKFB3,62.154718016413156,"1% O2, CyA-_vs_19% O2, CyA-",metaNetwork
715,PGAM5,2.9667147550159227,"1% O2, CyA-_vs_19% O2, CyA-",metaNetwork
716,PIAS1,82.18566262079491,"1% O2, CyA-_vs_19% O2, CyA-",metaNetwork
717,PIAS2,118.15592408828698,"1% O2, CyA-_vs_19% O2, CyA-",metaNetwork
718,PIAS3,0.06514786761714164,"1% O2, CyA-_vs_19% O2, CyA-",metaNetwork
719,PIAS4,23.608318830181155,"1% O2, CyA-_vs_19% O2, CyA-",metaNetwork
720,PIK3CG,6.672968709144378,"1% O2, CyA-_vs_19% O2, CyA-",metaNetwork
721,PIKFYVE,6.659368681537561,"1% O2, CyA-_vs_19% O2, CyA-",metaNetwork
722,PIM1,0.046984786053880005,"1% O2, CyA-_vs_19% O2, CyA-",metaNetwork
723,PKN1,115.99407277445872,"1% O2, CyA-_vs_19% O2, CyA-",metaNetwork
724,PKN2,68.2960441981197,"1% O2, CyA-_vs_19% O2, CyA-",metaNetwork
725,PKN3,0.312672241128635,"1% O2, CyA-_vs_19% O2, CyA-",metaNetwork
726,PLAU,0.03204402622127769,"1% O2, CyA-_vs_19% O2, CyA-",metaNetwork
727,PLCG1,3.067983340215324,"1% O2, CyA-_vs_19% O2, CyA-",metaNetwork
728,PLCG2,277.0024480304841,"1% O2, CyA-_vs_19% O2, CyA-",metaNetwork
729,PLK3,0.3955972625646729,"1% O2, CyA-_vs_19% O2, CyA-",metaNetwork
730,PPM1A,0.3362119440449909,"1% O2, CyA-_vs_19% O2, CyA-",metaNetwork
731,PPM1B,4.287760124057358,"1% O2, CyA-_vs_19% O2, CyA-",metaNetwork
732,PPP1R12A,55.17457564585636,"1% O2, CyA-_vs_19% O2, CyA-",metaNetwork
733,PPP1R12B,2828.011985684283,"1% O2, CyA-_vs_19% O2, CyA-",metaNetwork
734,PPP1R12C,169.58419480032674,"1% O2, CyA-_vs_19% O2, CyA-",metaNetwork
735,PPP5C,0.27521687326237376,"1% O2, CyA-_vs_19% O2, CyA-",metaNetwork
736,PREX1,0.21144069339840618,"1% O2, CyA-_vs_19% O2, CyA-",metaNetwork
737,PRKCA,15.142467315668673,"1% O2, CyA-_vs_19% O2, CyA-",metaNetwork
738,PRKCB,7.463616282562851,"1% O2, CyA-_vs_19% O2, CyA-",metaNetwork
739,PRKCD,7.26393780772836,"1% O2, CyA-_vs_19% O2, CyA-",metaNetwork
740,PRKCG,113.61468251459286,"1% O2, CyA-_vs_19% O2, CyA-",metaNetwork
741,PRKCQ,32.26374064410756,"1% O2, CyA-_vs_19% O2, CyA-",metaNetwork
742,PRKCZ,0.5601425315292051,"1% O2, CyA-_vs_19% O2, CyA-",metaNetwork
743,PTK2,12.049709164683232,"1% O2, CyA-_vs_19% O2, CyA-",metaNetwork
744,PTK2B,63.8183165030729,"1% O2, CyA-_vs_19% O2, CyA-",metaNetwork
745,PTPN11,11.37411532121486,"1% O2, CyA-_vs_19% O2, CyA-",metaNetwork
746,PTPN2,25.76277044338511,"1% O2, CyA-_vs_19% O2, CyA-",metaNetwork
747,PTPN6,7.333936886226921,"1% O2, CyA-_vs_19% O2, CyA-",metaNetwork
748,PXN,138.21574919812835,"1% O2, CyA-_vs_19% O2, CyA-",metaNetwork
749,PYCARD,5.107213341337868,"1% O2, CyA-_vs_19% O2, CyA-",metaNetwork
750,RAC1,4.151117267216975,"1% O2, CyA-_vs_19% O2, CyA-",metaNetwork
751,RAC2,7.934303898328788,"1% O2, CyA-_vs_19% O2, CyA-",metaNetwork
752,RAC3,0.01457436717745118,"1% O2, CyA-_vs_19% O2, CyA-",metaNetwork
753,RAF1,1034.5065755976339,"1% O2, CyA-_vs_19% O2, CyA-",metaNetwork
754,RAP1A,21.72700083675049,"1% O2, CyA-_vs_19% O2, CyA-",metaNetwork
755,RAP1B,1.5330629390767685,"1% O2, CyA-_vs_19% O2, CyA-",metaNetwork
756,RAPGEF2,1.2481064928403196,"1% O2, CyA-_vs_19% O2, CyA-",metaNetwork
757,RAPGEF3,0.8615272308858014,"1% O2, CyA-_vs_19% O2, CyA-",metaNetwork
758,RASA1,1.009065020072532,"1% O2, CyA-_vs_19% O2, CyA-",metaNetwork
759,RASA2,0.23974571240143733,"1% O2, CyA-_vs_19% O2, CyA-",metaNetwork
760,RASGRF1,0.05532974193497158,"1% O2, CyA-_vs_19% O2, CyA-",metaNetwork
761,RASGRP1,4.614013889961076,"1% O2, CyA-_vs_19% O2, CyA-",metaNetwork
762,RASGRP2,10.674771396297539,"1% O2, CyA-_vs_19% O2, CyA-",metaNetwork
763,RASGRP3,0.2752630698961122,"1% O2, CyA-_vs_19% O2, CyA-",metaNetwork
764,RASSF5,3.2188708331625757,"1% O2, CyA-_vs_19% O2, CyA-",metaNetwork
765,RBL2,69.65962387860814,"1% O2, CyA-_vs_19% O2, CyA-",metaNetwork
766,RBX1,4.679235758325219,"1% O2, CyA-_vs_19% O2, CyA-",metaNetwork
767,RDX,0.2583880227347249,"1% O2, CyA-_vs_19% O2, CyA-",metaNetwork
768,RELA,24.456487938162,"1% O2, CyA-_vs_19% O2, CyA-",metaNetwork
769,RELB,26.97292955191896,"1% O2, CyA-_vs_19% O2, CyA-",metaNetwork
770,RHEB,0.9570283013053591,"1% O2, CyA-_vs_19% O2, CyA-",metaNetwork
771,RHOA,13.11311779898515,"1% O2, CyA-_vs_19% O2, CyA-",metaNetwork
772,RICTOR,71.93983899111491,"1% O2, CyA-_vs_19% O2, CyA-",metaNetwork
773,RIPK1,39.24353577206571,"1% O2, CyA-_vs_19% O2, CyA-",metaNetwork
774,RIPK3,66.46435114447074,"1% O2, CyA-_vs_19% O2, CyA-",metaNetwork
775,ROCK1,4.635163406474079,"1% O2, CyA-_vs_19% O2, CyA-",metaNetwork
776,ROCK2,0.21890381732499808,"1% O2, CyA-_vs_19% O2, CyA-",metaNetwork
777,RPS6KA4,1.2202209904390329,"1% O2, CyA-_vs_19% O2, CyA-",metaNetwork
778,RPS6KA5,56.01329609912206,"1% O2, CyA-_vs_19% O2, CyA-",metaNetwork
779,RRAS,0.28931665035526477,"1% O2, CyA-_vs_19% O2, CyA-",metaNetwork
780,RRAS2,23.615365680792394,"1% O2, CyA-_vs_19% O2, CyA-",metaNetwork
781,RXRA,0.23908969542899275,"1% O2, CyA-_vs_19% O2, CyA-",metaNetwork
782,SELL,0.725570692406152,"1% O2, CyA-_vs_19% O2, CyA-",metaNetwork
783,SGK1,0.7151437769645074,"1% O2, CyA-_vs_19% O2, CyA-",metaNetwork
784,SGK3,0.22166024770609827,"1% O2, CyA-_vs_19% O2, CyA-",metaNetwork
785,SH2D2A,0.11723931278780594,"1% O2, CyA-_vs_19% O2, CyA-",metaNetwork
786,SHC1,91.01669856628466,"1% O2, CyA-_vs_19% O2, CyA-",metaNetwork
787,SHC4,0.8463815083059324,"1% O2, CyA-_vs_19% O2, CyA-",metaNetwork
788,SIPA1,19.444103008218093,"1% O2, CyA-_vs_19% O2, CyA-",metaNetwork
789,SLC2A1,36.08859379063194,"1% O2, CyA-_vs_19% O2, CyA-",metaNetwork
790,SLC38A9,1.1302838858987327,"1% O2, CyA-_vs_19% O2, CyA-",metaNetwork
791,SLC9A1,592.202316199186,"1% O2, CyA-_vs_19% O2, CyA-",metaNetwork
792,SOCS1,0.32909713947090413,"1% O2, CyA-_vs_19% O2, CyA-",metaNetwork
793,SOCS4,0.3873867654401671,"1% O2, CyA-_vs_19% O2, CyA-",metaNetwork
794,SOCS5,0.0447729434591882,"1% O2, CyA-_vs_19% O2, CyA-",metaNetwork
795,SRC,0.3765613022028787,"1% O2, CyA-_vs_19% O2, CyA-",metaNetwork
796,STAM,2.2188685507942956,"1% O2, CyA-_vs_19% O2, CyA-",metaNetwork
797,STAT1,2.2196605286914877,"1% O2, CyA-_vs_19% O2, CyA-",metaNetwork
798,STAT2,6.048007973082158,"1% O2, CyA-_vs_19% O2, CyA-",metaNetwork
799,STAT3,15.071973336804785,"1% O2, CyA-_vs_19% O2, CyA-",metaNetwork
800,STAT5A,24.4026389548285,"1% O2, CyA-_vs_19% O2, CyA-",metaNetwork
801,STAT5B,6.0968775322868,"1% O2, CyA-_vs_19% O2, CyA-",metaNetwork
802,STAT6,3.585448729518519,"1% O2, CyA-_vs_19% O2, CyA-",metaNetwork
803,STK3,0.02937659124350166,"1% O2, CyA-_vs_19% O2, CyA-",metaNetwork
804,STK4,25.236982138365395,"1% O2, CyA-_vs_19% O2, CyA-",metaNetwork
805,SYK,4.4775990830007215,"1% O2, CyA-_vs_19% O2, CyA-",metaNetwork
806,TBC1D7,3.8603463820811696,"1% O2, CyA-_vs_19% O2, CyA-",metaNetwork
807,TELO2,231.84720505468925,"1% O2, CyA-_vs_19% O2, CyA-",metaNetwork
808,TF,4.824898741009856,"1% O2, CyA-_vs_19% O2, CyA-",metaNetwork
809,TFRC,1.6128089032358233,"1% O2, CyA-_vs_19% O2, CyA-",metaNetwork
810,TGFB1,5.618393982658838,"1% O2, CyA-_vs_19% O2, CyA-",metaNetwork
811,TGFB3,0.3330672359659348,"1% O2, CyA-_vs_19% O2, CyA-",metaNetwork
812,TGFBR1,0.9570727821823793,"1% O2, CyA-_vs_19% O2, CyA-",metaNetwork
813,TGFBR2,1.8797880339660862,"1% O2, CyA-_vs_19% O2, CyA-",metaNetwork
814,THBS1,1.5530849675517104,"1% O2, CyA-_vs_19% O2, CyA-",metaNetwork
815,TIAM1,17.23874667493055,"1% O2, CyA-_vs_19% O2, CyA-",metaNetwork
816,TIRAP,0.4746569335629284,"1% O2, CyA-_vs_19% O2, CyA-",metaNetwork
817,TLR2,0.1311351349608408,"1% O2, CyA-_vs_19% O2, CyA-",metaNetwork
818,TLR4,1.0472677155812549,"1% O2, CyA-_vs_19% O2, CyA-",metaNetwork
819,TNF,0.6533985413611072,"1% O2, CyA-_vs_19% O2, CyA-",metaNetwork
820,TNFAIP3,0.22834521029687793,"1% O2, CyA-_vs_19% O2, CyA-",metaNetwork
821,TNFRSF13C,0.3782936840276415,"1% O2, CyA-_vs_19% O2, CyA-",metaNetwork
822,TNFRSF1A,3.5980561739576586,"1% O2, CyA-_vs_19% O2, CyA-",metaNetwork
823,TNFRSF1B,0.010199846876946346,"1% O2, CyA-_vs_19% O2, CyA-",metaNetwork
824,TNFSF13B,0.9156123166379428,"1% O2, CyA-_vs_19% O2, CyA-",metaNetwork
825,TP53,4.258819461857731,"1% O2, CyA-_vs_19% O2, CyA-",metaNetwork
826,TRADD,11.536078265554027,"1% O2, CyA-_vs_19% O2, CyA-",metaNetwork
827,TRAF1,0.04579355414761141,"1% O2, CyA-_vs_19% O2, CyA-",metaNetwork
828,TRAF2,4.218242503264718,"1% O2, CyA-_vs_19% O2, CyA-",metaNetwork
829,TRAF3,5.603677958529163,"1% O2, CyA-_vs_19% O2, CyA-",metaNetwork
830,TRAF5,2.6301729751354057,"1% O2, CyA-_vs_19% O2, CyA-",metaNetwork
831,TRAF6,0.737422474484877,"1% O2, CyA-_vs_19% O2, CyA-",metaNetwork
832,TRIM25,22.313945766093408,"1% O2, CyA-_vs_19% O2, CyA-",metaNetwork
833,TSC1,79.04384971869924,"1% O2, CyA-_vs_19% O2, CyA-",metaNetwork
834,TSC2,67.47274358798981,"1% O2, CyA-_vs_19% O2, CyA-",metaNetwork
835,TTI1,0.06312073905828543,"1% O2, CyA-_vs_19% O2, CyA-",metaNetwork
836,TYK2,0.34179755559493946,"1% O2, CyA-_vs_19% O2, CyA-",metaNetwork
837,ULK1,63.91553211478057,"1% O2, CyA-_vs_19% O2, CyA-",metaNetwork
838,VCL,0.5505134042334755,"1% O2, CyA-_vs_19% O2, CyA-",metaNetwork
839,VEGFA,14.973293682399266,"1% O2, CyA-_vs_19% O2, CyA-",metaNetwork
840,VEGFB,0.8931610801952388,"1% O2, CyA-_vs_19% O2, CyA-",metaNetwork
841,VHL,0.0916165462165476,"1% O2, CyA-_vs_19% O2, CyA-",metaNetwork
842,VTN,0.7991190469741207,"1% O2, CyA-_vs_19% O2, CyA-",metaNetwork
843,WAS,58.080417420107196,"1% O2, CyA-_vs_19% O2, CyA-",metaNetwork
844,WASF1,12.019784424944119,"1% O2, CyA-_vs_19% O2, CyA-",metaNetwork
845,WASF2,9.348260004772941,"1% O2, CyA-_vs_19% O2, CyA-",metaNetwork
846,WASL,0.4736062530142979,"1% O2, CyA-_vs_19% O2, CyA-",metaNetwork
847,XIAP,3.341374799612374,"1% O2, CyA-_vs_19% O2, CyA-",metaNetwork
848,YWHAE,3.4571370211765244,"1% O2, CyA-_vs_19% O2, CyA-",metaNetwork
849,ZAP70,0.21429994222424556,"1% O2, CyA-_vs_19% O2, CyA-",metaNetwork
850,ABI2,0.42925604222864616,"19% O2, CyA-_vs_1% O2, CyA+",metaNetwork
851,ACTR2,3224.203507948199,"19% O2, CyA-_vs_1% O2, CyA+",metaNetwork
852,ACTR3,1.0042820688374663,"19% O2, CyA-_vs_1% O2, CyA+",metaNetwork
853,AKT1S1,12.711003861271516,"19% O2, CyA-_vs_1% O2, CyA+",metaNetwork
854,ARAF,23.939966491408068,"19% O2, CyA-_vs_1% O2, CyA+",metaNetwork
855,ARHGAP35,71.1167942759688,"19% O2, CyA-_vs_1% O2, CyA+",metaNetwork
856,ARHGAP5,13.411567746284192,"19% O2, CyA-_vs_1% O2, CyA+",metaNetwork
857,ARHGEF1,47.43921168673512,"19% O2, CyA-_vs_1% O2, CyA+",metaNetwork
858,ARHGEF12,0.20891749665453793,"19% O2, CyA-_vs_1% O2, CyA+",metaNetwork
859,ARHGEF6,11.667164628963665,"19% O2, CyA-_vs_1% O2, CyA+",metaNetwork
860,ARHGEF7,128.31848587086392,"19% O2, CyA-_vs_1% O2, CyA+",metaNetwork
861,ARNT,607.2149166285404,"19% O2, CyA-_vs_1% O2, CyA+",metaNetwork
862,ARPC2,0.26874429880407025,"19% O2, CyA-_vs_1% O2, CyA+",metaNetwork
863,ARPC3,0.7038483378039326,"19% O2, CyA-_vs_1% O2, CyA+",metaNetwork
864,ARPC4,0.9223555835550072,"19% O2, CyA-_vs_1% O2, CyA+",metaNetwork
865,ARPC5,1.480411943495257,"19% O2, CyA-_vs_1% O2, CyA+",metaNetwork
866,ATF2,388.3421569040717,"19% O2, CyA-_vs_1% O2, CyA+",metaNetwork
867,ATF4,10.27891913354128,"19% O2, CyA-_vs_1% O2, CyA+",metaNetwork
868,ATF6B,0.20760834245189652,"19% O2, CyA-_vs_1% O2, CyA+",metaNetwork
869,BAD,91.94005869338878,"19% O2, CyA-_vs_1% O2, CyA+",metaNetwork
870,BAG4,2835.870547503645,"19% O2, CyA-_vs_1% O2, CyA+",metaNetwork
871,BAIAP2,3711.4741249396843,"19% O2, CyA-_vs_1% O2, CyA+",metaNetwork
872,BCAR1,0.11229044652413096,"19% O2, CyA-_vs_1% O2, CyA+",metaNetwork
873,BCL10,13.791141572258134,"19% O2, CyA-_vs_1% O2, CyA+",metaNetwork
874,BCL2,0.5940319872451668,"19% O2, CyA-_vs_1% O2, CyA+",metaNetwork
875,BCL2A1,0.3778266863917695,"19% O2, CyA-_vs_1% O2, CyA+",metaNetwork
876,BCL2L1,2.4394503146057516,"19% O2, CyA-_vs_1% O2, CyA+",metaNetwork
877,BCL2L11,792.0389677351487,"19% O2, CyA-_vs_1% O2, CyA+",metaNetwork
878,BCL3,2.770016010377531,"19% O2, CyA-_vs_1% O2, CyA+",metaNetwork
879,BLNK,3.8973895368792326,"19% O2, CyA-_vs_1% O2, CyA+",metaNetwork
880,BRAF,9.799187927622837,"19% O2, CyA-_vs_1% O2, CyA+",metaNetwork
881,BTK,29.565215214721462,"19% O2, CyA-_vs_1% O2, CyA+",metaNetwork
882,CACNA1A,0.1320904406193052,"19% O2, CyA-_vs_1% O2, CyA+",metaNetwork
883,CACNA1D,0.22633394314096067,"19% O2, CyA-_vs_1% O2, CyA+",metaNetwork
884,CACNA2D4,0.49694681862881745,"19% O2, CyA-_vs_1% O2, CyA+",metaNetwork
885,CACNB1,4.140617818780967,"19% O2, CyA-_vs_1% O2, CyA+",metaNetwork
886,CACNB3,0.9475741800119896,"19% O2, CyA-_vs_1% O2, CyA+",metaNetwork
887,CACNB4,0.11892279706320372,"19% O2, CyA-_vs_1% O2, CyA+",metaNetwork
888,CARD10,0.6504645853177096,"19% O2, CyA-_vs_1% O2, CyA+",metaNetwork
889,CARD11,67.98708737891185,"19% O2, CyA-_vs_1% O2, CyA+",metaNetwork
890,CARD9,3.585813395692916,"19% O2, CyA-_vs_1% O2, CyA+",metaNetwork
891,CASP1,0.3925797815513946,"19% O2, CyA-_vs_1% O2, CyA+",metaNetwork
892,CASP10,0.5252006974721594,"19% O2, CyA-_vs_1% O2, CyA+",metaNetwork
893,CASP3,2.131200778846407,"19% O2, CyA-_vs_1% O2, CyA+",metaNetwork
894,CASP7,27.7471607921615,"19% O2, CyA-_vs_1% O2, CyA+",metaNetwork
895,CASP8,3.696561463979473,"19% O2, CyA-_vs_1% O2, CyA+",metaNetwork
896,CBLB,0.3707809009112747,"19% O2, CyA-_vs_1% O2, CyA+",metaNetwork
897,CCL5,0.40734614151974735,"19% O2, CyA-_vs_1% O2, CyA+",metaNetwork
898,CCND1,0.1697433656154681,"19% O2, CyA-_vs_1% O2, CyA+",metaNetwork
899,CCND2,0.2392199954002255,"19% O2, CyA-_vs_1% O2, CyA+",metaNetwork
900,CCND3,0.1292763839683965,"19% O2, CyA-_vs_1% O2, CyA+",metaNetwork
901,CCR10,1.0271039123747525,"19% O2, CyA-_vs_1% O2, CyA+",metaNetwork
902,CCR9,0.2280868623365068,"19% O2, CyA-_vs_1% O2, CyA+",metaNetwork
903,CD19,33.84387886719818,"19% O2, CyA-_vs_1% O2, CyA+",metaNetwork
904,CD226,0.43568211066971874,"19% O2, CyA-_vs_1% O2, CyA+",metaNetwork
905,CDC42,9.84859874309187,"19% O2, CyA-_vs_1% O2, CyA+",metaNetwork
906,CDK2,1.458113682449876,"19% O2, CyA-_vs_1% O2, CyA+",metaNetwork
907,CDK4,0.1875317439535143,"19% O2, CyA-_vs_1% O2, CyA+",metaNetwork
908,CDK6,3.462322065002257,"19% O2, CyA-_vs_1% O2, CyA+",metaNetwork
909,CDKN1A,0.8100000627032855,"19% O2, CyA-_vs_1% O2, CyA+",metaNetwork
910,CDKN1B,8.039005986512407,"19% O2, CyA-_vs_1% O2, CyA+",metaNetwork
911,CFLAR,1.3461323813168997,"19% O2, CyA-_vs_1% O2, CyA+",metaNetwork
912,CLIP1,7.604299630397297,"19% O2, CyA-_vs_1% O2, CyA+",metaNetwork
913,CNTF,7.744318889235537,"19% O2, CyA-_vs_1% O2, CyA+",metaNetwork
914,CREB1,6.381721079544662,"19% O2, CyA-_vs_1% O2, CyA+",metaNetwork
915,CREB3,2.9000286020170694,"19% O2, CyA-_vs_1% O2, CyA+",metaNetwork
916,CREB5,0.3892391362541748,"19% O2, CyA-_vs_1% O2, CyA+",metaNetwork
917,CRK,21.716053357904965,"19% O2, CyA-_vs_1% O2, CyA+",metaNetwork
918,CSF1,0.12102779296801704,"19% O2, CyA-_vs_1% O2, CyA+",metaNetwork
919,CSF2RB,293.8486269653918,"19% O2, CyA-_vs_1% O2, CyA+",metaNetwork
920,CSNK2B,20.146396876916796,"19% O2, CyA-_vs_1% O2, CyA+",metaNetwork
921,CTF1,0.1434337734041196,"19% O2, CyA-_vs_1% O2, CyA+",metaNetwork
922,CXCL16,1.1402957837044123,"19% O2, CyA-_vs_1% O2, CyA+",metaNetwork
923,CXCR1,1215.6769512710075,"19% O2, CyA-_vs_1% O2, CyA+",metaNetwork
924,CXCR2,0.6791199415444317,"19% O2, CyA-_vs_1% O2, CyA+",metaNetwork
925,CXCR3,0.14079406110649392,"19% O2, CyA-_vs_1% O2, CyA+",metaNetwork
926,CXCR4,6.986134890293855,"19% O2, CyA-_vs_1% O2, CyA+",metaNetwork
927,CXCR5,49.274606674779086,"19% O2, CyA-_vs_1% O2, CyA+",metaNetwork
928,CYBA,2.932148003436139,"19% O2, CyA-_vs_1% O2, CyA+",metaNetwork
929,CYLD,200.85167346865154,"19% O2, CyA-_vs_1% O2, CyA+",metaNetwork
930,DAB2IP,0.48818559248827714,"19% O2, CyA-_vs_1% O2, CyA+",metaNetwork
931,DAXX,3.2480628386440595,"19% O2, CyA-_vs_1% O2, CyA+",metaNetwork
932,DDIT4,44.12383741868437,"19% O2, CyA-_vs_1% O2, CyA+",metaNetwork
933,DDX58,0.16640620729222635,"19% O2, CyA-_vs_1% O2, CyA+",metaNetwork
934,DEPTOR,1.2355708978612219,"19% O2, CyA-_vs_1% O2, CyA+",metaNetwork
935,DIAPH1,0.06663674861618331,"19% O2, CyA-_vs_1% O2, CyA+",metaNetwork
936,DIAPH2,0.4953627276351517,"19% O2, CyA-_vs_1% O2, CyA+",metaNetwork
937,DIAPH3,16700.414144995488,"19% O2, CyA-_vs_1% O2, CyA+",metaNetwork
938,DNM1L,9.483960695989936,"19% O2, CyA-_vs_1% O2, CyA+",metaNetwork
939,DOCK2,24.786479481285664,"19% O2, CyA-_vs_1% O2, CyA+",metaNetwork
940,ECSIT,1.796966482558813,"19% O2, CyA-_vs_1% O2, CyA+",metaNetwork
941,EGFR,0.3591977652217961,"19% O2, CyA-_vs_1% O2, CyA+",metaNetwork
942,EGR2,0.24042395022821553,"19% O2, CyA-_vs_1% O2, CyA+",metaNetwork
943,EGR3,0.0669990881277265,"19% O2, CyA-_vs_1% O2, CyA+",metaNetwork
944,EIF4E,1.3176026144204311,"19% O2, CyA-_vs_1% O2, CyA+",metaNetwork
945,EIF4EBP1,31.697049060721984,"19% O2, CyA-_vs_1% O2, CyA+",metaNetwork
946,ELMO1,245.69342833443034,"19% O2, CyA-_vs_1% O2, CyA+",metaNetwork
947,ELOB,2.6218717709775947,"19% O2, CyA-_vs_1% O2, CyA+",metaNetwork
948,ELOC,0.828290594928465,"19% O2, CyA-_vs_1% O2, CyA+",metaNetwork
949,ENAH,0.5895062965500214,"19% O2, CyA-_vs_1% O2, CyA+",metaNetwork
950,EP300,104.77232680774802,"19% O2, CyA-_vs_1% O2, CyA+",metaNetwork
951,EPOR,0.3216906497603522,"19% O2, CyA-_vs_1% O2, CyA+",metaNetwork
952,ERBB2,0.09064965659558143,"19% O2, CyA-_vs_1% O2, CyA+",metaNetwork
953,ERBB3,0.1453524425844735,"19% O2, CyA-_vs_1% O2, CyA+",metaNetwork
954,F11R,6.016586742798156,"19% O2, CyA-_vs_1% O2, CyA+",metaNetwork
955,F2R,0.0337727995630961,"19% O2, CyA-_vs_1% O2, CyA+",metaNetwork
956,FADD,29.40722509432627,"19% O2, CyA-_vs_1% O2, CyA+",metaNetwork
957,FGD1,0.14138890242283908,"19% O2, CyA-_vs_1% O2, CyA+",metaNetwork
958,FGD3,57.021887187121045,"19% O2, CyA-_vs_1% O2, CyA+",metaNetwork
959,FGF2,2.7071457868215694,"19% O2, CyA-_vs_1% O2, CyA+",metaNetwork
960,FGFR1,0.08735012995048488,"19% O2, CyA-_vs_1% O2, CyA+",metaNetwork
961,FGFR3,0.008522931876145497,"19% O2, CyA-_vs_1% O2, CyA+",metaNetwork
962,FGFR4,0.5438723153705781,"19% O2, CyA-_vs_1% O2, CyA+",metaNetwork
963,FGR,21.547026325079155,"19% O2, CyA-_vs_1% O2, CyA+",metaNetwork
964,FLNA,24.23135664914426,"19% O2, CyA-_vs_1% O2, CyA+",metaNetwork
965,FLT1,0.6658376629340365,"19% O2, CyA-_vs_1% O2, CyA+",metaNetwork
966,FLT3,0.04329827134573223,"19% O2, CyA-_vs_1% O2, CyA+",metaNetwork
967,FLT3LG,0.19097028096956617,"19% O2, CyA-_vs_1% O2, CyA+",metaNetwork
968,FN1,4.10923481092736,"19% O2, CyA-_vs_1% O2, CyA+",metaNetwork
969,FOXO3,1.972947638863513,"19% O2, CyA-_vs_1% O2, CyA+",metaNetwork
970,G6PC,1.3110841237107569,"19% O2, CyA-_vs_1% O2, CyA+",metaNetwork
971,GAPDH,3.1823472956738987,"19% O2, CyA-_vs_1% O2, CyA+",metaNetwork
972,GIT1,5.8568672767576855,"19% O2, CyA-_vs_1% O2, CyA+",metaNetwork
973,GNA12,0.2649967372681317,"19% O2, CyA-_vs_1% O2, CyA+",metaNetwork
974,GNA13,1.6178248783789175,"19% O2, CyA-_vs_1% O2, CyA+",metaNetwork
975,GNB1,1.270613082221321,"19% O2, CyA-_vs_1% O2, CyA+",metaNetwork
976,GNB2,4.40985759227134,"19% O2, CyA-_vs_1% O2, CyA+",metaNetwork
977,GNB3,3.945695403984482,"19% O2, CyA-_vs_1% O2, CyA+",metaNetwork
978,GNB4,4.1217494963199615,"19% O2, CyA-_vs_1% O2, CyA+",metaNetwork
979,GNB5,0.01268086801935544,"19% O2, CyA-_vs_1% O2, CyA+",metaNetwork
980,GNG10,0.08089514719304636,"19% O2, CyA-_vs_1% O2, CyA+",metaNetwork
981,GNG12,1.531695856966295,"19% O2, CyA-_vs_1% O2, CyA+",metaNetwork
982,GNG2,0.13250109876671767,"19% O2, CyA-_vs_1% O2, CyA+",metaNetwork
983,GNG3,0.024452678368885424,"19% O2, CyA-_vs_1% O2, CyA+",metaNetwork
984,GNG5,3.179911191967189,"19% O2, CyA-_vs_1% O2, CyA+",metaNetwork
985,GNG7,3.527943066127481,"19% O2, CyA-_vs_1% O2, CyA+",metaNetwork
986,GNGT2,0.4123677757389533,"19% O2, CyA-_vs_1% O2, CyA+",metaNetwork
987,GRB2,0.5631800323609413,"19% O2, CyA-_vs_1% O2, CyA+",metaNetwork
988,GSK3B,0.24031597175203218,"19% O2, CyA-_vs_1% O2, CyA+",metaNetwork
989,GSN,7.510845037282766,"19% O2, CyA-_vs_1% O2, CyA+",metaNetwork
990,HCK,0.16992754230250112,"19% O2, CyA-_vs_1% O2, CyA+",metaNetwork
991,HIF1A,1.306287315959808,"19% O2, CyA-_vs_1% O2, CyA+",metaNetwork
992,HMOX1,0.03840550679682721,"19% O2, CyA-_vs_1% O2, CyA+",metaNetwork
993,HRAS,0.4393824180870693,"19% O2, CyA-_vs_1% O2, CyA+",metaNetwork
994,HSPB1,5.101499299583007,"19% O2, CyA-_vs_1% O2, CyA+",metaNetwork
995,ICAM1,20.751412089547223,"19% O2, CyA-_vs_1% O2, CyA+",metaNetwork
996,ICAM2,0.6324465437185314,"19% O2, CyA-_vs_1% O2, CyA+",metaNetwork
997,ICAM3,0.6393505971892756,"19% O2, CyA-_vs_1% O2, CyA+",metaNetwork
998,IFNAR1,1.866158414552786,"19% O2, CyA-_vs_1% O2, CyA+",metaNetwork
999,IFNAR2,0.019882620498732927,"19% O2, CyA-_vs_1% O2, CyA+",metaNetwork
1000,IFNG,2.1415078549509907,"19% O2, CyA-_vs_1% O2, CyA+",metaNetwork
1001,IFNGR1,0.26188865465984684,"19% O2, CyA-_vs_1% O2, CyA+",metaNetwork
1002,IFNGR2,0.042395752834632074,"19% O2, CyA-_vs_1% O2, CyA+",metaNetwork
1003,IFNLR1,0.02906925185062013,"19% O2, CyA-_vs_1% O2, CyA+",metaNetwork
1004,IGF1R,1822.0224193330828,"19% O2, CyA-_vs_1% O2, CyA+",metaNetwork
1005,IKBKB,451.5847549924641,"19% O2, CyA-_vs_1% O2, CyA+",metaNetwork
1006,IKBKE,0.06484962440103395,"19% O2, CyA-_vs_1% O2, CyA+",metaNetwork
1007,IKBKG,201.97586076514747,"19% O2, CyA-_vs_1% O2, CyA+",metaNetwork
1008,IL10RA,2.0606891765535407,"19% O2, CyA-_vs_1% O2, CyA+",metaNetwork
1009,IL10RB,0.29031188747974634,"19% O2, CyA-_vs_1% O2, CyA+",metaNetwork
1010,IL11,0.6685587755310454,"19% O2, CyA-_vs_1% O2, CyA+",metaNetwork
1011,IL11RA,0.8639508983057548,"19% O2, CyA-_vs_1% O2, CyA+",metaNetwork
1012,IL12RB1,0.3863533616352767,"19% O2, CyA-_vs_1% O2, CyA+",metaNetwork
1013,IL15RA,2.1869723913005505,"19% O2, CyA-_vs_1% O2, CyA+",metaNetwork
1014,IL17D,0.08971187064889383,"19% O2, CyA-_vs_1% O2, CyA+",metaNetwork
1015,IL1B,2.7062412311795296,"19% O2, CyA-_vs_1% O2, CyA+",metaNetwork
1016,IL1RAP,8.999027611512693,"19% O2, CyA-_vs_1% O2, CyA+",metaNetwork
1017,IL20RB,0.3344826701804076,"19% O2, CyA-_vs_1% O2, CyA+",metaNetwork
1018,IL21R,0.4035846675167599,"19% O2, CyA-_vs_1% O2, CyA+",metaNetwork
1019,IL23A,3.9010179009422803,"19% O2, CyA-_vs_1% O2, CyA+",metaNetwork
1020,IL27RA,0.029283501732457938,"19% O2, CyA-_vs_1% O2, CyA+",metaNetwork
1021,IL2RA,10.598732892216589,"19% O2, CyA-_vs_1% O2, CyA+",metaNetwork
1022,IL2RG,0.8299924771868648,"19% O2, CyA-_vs_1% O2, CyA+",metaNetwork
1023,IL4R,0.7775672198689414,"19% O2, CyA-_vs_1% O2, CyA+",metaNetwork
1024,IL6ST,0.24848919464851013,"19% O2, CyA-_vs_1% O2, CyA+",metaNetwork
1025,IL7R,9.807927020383557,"19% O2, CyA-_vs_1% O2, CyA+",metaNetwork
1026,INSR,2.3735872902456414,"19% O2, CyA-_vs_1% O2, CyA+",metaNetwork
1027,IQGAP1,130.63363206376604,"19% O2, CyA-_vs_1% O2, CyA+",metaNetwork
1028,IRAK1,0.1640902826461622,"19% O2, CyA-_vs_1% O2, CyA+",metaNetwork
1029,IRAK4,2.947994687951977,"19% O2, CyA-_vs_1% O2, CyA+",metaNetwork
1030,IRF1,0.1467875432850774,"19% O2, CyA-_vs_1% O2, CyA+",metaNetwork
1031,IRF9,1.069792758530092,"19% O2, CyA-_vs_1% O2, CyA+",metaNetwork
1032,IRS1,54.64599604619031,"19% O2, CyA-_vs_1% O2, CyA+",metaNetwork
1033,ITCH,2.221174024892424,"19% O2, CyA-_vs_1% O2, CyA+",metaNetwork
1034,ITGA10,0.8324333919964106,"19% O2, CyA-_vs_1% O2, CyA+",metaNetwork
1035,ITGA11,2.483216146594284,"19% O2, CyA-_vs_1% O2, CyA+",metaNetwork
1036,ITGA3,0.128479930714108,"19% O2, CyA-_vs_1% O2, CyA+",metaNetwork
1037,ITGA4,28.221125927221582,"19% O2, CyA-_vs_1% O2, CyA+",metaNetwork
1038,ITGA6,0.1575371105921906,"19% O2, CyA-_vs_1% O2, CyA+",metaNetwork
1039,ITGA7,0.10662557220515861,"19% O2, CyA-_vs_1% O2, CyA+",metaNetwork
1040,ITGAE,0.8270558826737745,"19% O2, CyA-_vs_1% O2, CyA+",metaNetwork
1041,ITGAL,8.032979500436609,"19% O2, CyA-_vs_1% O2, CyA+",metaNetwork
1042,ITGAV,0.33313889589823764,"19% O2, CyA-_vs_1% O2, CyA+",metaNetwork
1043,ITGB1,1.2446181334782482,"19% O2, CyA-_vs_1% O2, CyA+",metaNetwork
1044,ITGB4,0.12448180701388305,"19% O2, CyA-_vs_1% O2, CyA+",metaNetwork
1045,ITGB7,18.232194076498086,"19% O2, CyA-_vs_1% O2, CyA+",metaNetwork
1046,JAK1,4.441318041154745,"19% O2, CyA-_vs_1% O2, CyA+",metaNetwork
1047,JAK2,0.15036206441912295,"19% O2, CyA-_vs_1% O2, CyA+",metaNetwork
1048,JAK3,2.6403059685612833,"19% O2, CyA-_vs_1% O2, CyA+",metaNetwork
1049,JAM3,0.055996196946535785,"19% O2, CyA-_vs_1% O2, CyA+",metaNetwork
1050,KRAS,0.7941710223101311,"19% O2, CyA-_vs_1% O2, CyA+",metaNetwork
1051,KSR1,0.08386771987406752,"19% O2, CyA-_vs_1% O2, CyA+",metaNetwork
1052,LAMB4,0.0012256424772252477,"19% O2, CyA-_vs_1% O2, CyA+",metaNetwork
1053,LAMC1,0.8554108368142304,"19% O2, CyA-_vs_1% O2, CyA+",metaNetwork
1054,LAMTOR1,15.895810889213603,"19% O2, CyA-_vs_1% O2, CyA+",metaNetwork
1055,LAMTOR2,10.950059156976177,"19% O2, CyA-_vs_1% O2, CyA+",metaNetwork
1056,LAMTOR3,1.2728649888295764,"19% O2, CyA-_vs_1% O2, CyA+",metaNetwork
1057,LAMTOR4,0.9903121947179677,"19% O2, CyA-_vs_1% O2, CyA+",metaNetwork
1058,LAMTOR5,2.886778822469357,"19% O2, CyA-_vs_1% O2, CyA+",metaNetwork
1059,LAT,0.008119123312740912,"19% O2, CyA-_vs_1% O2, CyA+",metaNetwork
1060,LEPR,1.2103736037992785,"19% O2, CyA-_vs_1% O2, CyA+",metaNetwork
1061,LIMK1,16.11590385348737,"19% O2, CyA-_vs_1% O2, CyA+",metaNetwork
1062,LIMK2,0.20510614102690808,"19% O2, CyA-_vs_1% O2, CyA+",metaNetwork
1063,LPAR2,0.3923061675920974,"19% O2, CyA-_vs_1% O2, CyA+",metaNetwork
1064,LPAR3,0.2751030877887633,"19% O2, CyA-_vs_1% O2, CyA+",metaNetwork
1065,LPAR5,1.3468593828936,"19% O2, CyA-_vs_1% O2, CyA+",metaNetwork
1066,LSP1,205.19622902845458,"19% O2, CyA-_vs_1% O2, CyA+",metaNetwork
1067,LTA,2.1420428994769973,"19% O2, CyA-_vs_1% O2, CyA+",metaNetwork
1068,LYN,27.03049965416067,"19% O2, CyA-_vs_1% O2, CyA+",metaNetwork
1069,MADCAM1,0.04671252703075985,"19% O2, CyA-_vs_1% O2, CyA+",metaNetwork
1070,MALT1,0.7075244681667585,"19% O2, CyA-_vs_1% O2, CyA+",metaNetwork
1071,MAP2K1,0.4683242893284262,"19% O2, CyA-_vs_1% O2, CyA+",metaNetwork
1072,MAP2K2,1.407444064993485,"19% O2, CyA-_vs_1% O2, CyA+",metaNetwork
1073,MAP2K3,0.8809632446636887,"19% O2, CyA-_vs_1% O2, CyA+",metaNetwork
1074,MAP2K4,8.886359222809505,"19% O2, CyA-_vs_1% O2, CyA+",metaNetwork
1075,MAP2K5,0.6631110058418797,"19% O2, CyA-_vs_1% O2, CyA+",metaNetwork
1076,MAP2K6,3.750082767234346,"19% O2, CyA-_vs_1% O2, CyA+",metaNetwork
1077,MAP2K7,1.862004972906813,"19% O2, CyA-_vs_1% O2, CyA+",metaNetwork
1078,MAP3K1,154.7423601571268,"19% O2, CyA-_vs_1% O2, CyA+",metaNetwork
1079,MAP3K11,30.705522009407495,"19% O2, CyA-_vs_1% O2, CyA+",metaNetwork
1080,MAP3K12,0.41662928476457683,"19% O2, CyA-_vs_1% O2, CyA+",metaNetwork
1081,MAP3K13,1.4667980501132398,"19% O2, CyA-_vs_1% O2, CyA+",metaNetwork
1082,MAP3K14,0.7983821794111897,"19% O2, CyA-_vs_1% O2, CyA+",metaNetwork
1083,MAP3K2,15.78014737738244,"19% O2, CyA-_vs_1% O2, CyA+",metaNetwork
1084,MAP3K3,0.17494386934873687,"19% O2, CyA-_vs_1% O2, CyA+",metaNetwork
1085,MAP3K4,0.08818569663693387,"19% O2, CyA-_vs_1% O2, CyA+",metaNetwork
1086,MAP3K5,62.43680479548145,"19% O2, CyA-_vs_1% O2, CyA+",metaNetwork
1087,MAP3K6,0.5161862361070678,"19% O2, CyA-_vs_1% O2, CyA+",metaNetwork
1088,MAP3K7,128.42670807924904,"19% O2, CyA-_vs_1% O2, CyA+",metaNetwork
1089,MAP3K8,4.249045373201359,"19% O2, CyA-_vs_1% O2, CyA+",metaNetwork
1090,MAP4K1,20.33486631579815,"19% O2, CyA-_vs_1% O2, CyA+",metaNetwork
1091,MAP4K2,88.29284986589222,"19% O2, CyA-_vs_1% O2, CyA+",metaNetwork
1092,MAP4K3,0.18816690119991722,"19% O2, CyA-_vs_1% O2, CyA+",metaNetwork
1093,MAP4K4,162.14689666047238,"19% O2, CyA-_vs_1% O2, CyA+",metaNetwork
1094,MAPK7,3.1455869792663265,"19% O2, CyA-_vs_1% O2, CyA+",metaNetwork
1095,MAPK8IP1,1.3844830670820991,"19% O2, CyA-_vs_1% O2, CyA+",metaNetwork
1096,MAPK8IP2,3.3676235831255594,"19% O2, CyA-_vs_1% O2, CyA+",metaNetwork
1097,MAPK8IP3,2001.496943185424,"19% O2, CyA-_vs_1% O2, CyA+",metaNetwork
1098,MAPKAP1,0.13331237414799582,"19% O2, CyA-_vs_1% O2, CyA+",metaNetwork
1099,MAPKAPK2,0.4214050617859544,"19% O2, CyA-_vs_1% O2, CyA+",metaNetwork
1100,MAPKAPK3,5.321638696846967,"19% O2, CyA-_vs_1% O2, CyA+",metaNetwork
1101,MAPKAPK5,0.03368182468952215,"19% O2, CyA-_vs_1% O2, CyA+",metaNetwork
1102,MCL1,1.3449306922395947,"19% O2, CyA-_vs_1% O2, CyA+",metaNetwork
1103,MDM2,1.6456075596363604,"19% O2, CyA-_vs_1% O2, CyA+",metaNetwork
1104,MLKL,16.02956402500275,"19% O2, CyA-_vs_1% O2, CyA+",metaNetwork
1105,MLST8,0.15259926573980004,"19% O2, CyA-_vs_1% O2, CyA+",metaNetwork
1106,MSN,4.311156721237949,"19% O2, CyA-_vs_1% O2, CyA+",metaNetwork
1107,MTOR,176.56274705792316,"19% O2, CyA-_vs_1% O2, CyA+",metaNetwork
1108,MYB,1.4511801086499212,"19% O2, CyA-_vs_1% O2, CyA+",metaNetwork
1109,MYC,3.8473951770740498,"19% O2, CyA-_vs_1% O2, CyA+",metaNetwork
1110,MYD88,1.7659172786913715,"19% O2, CyA-_vs_1% O2, CyA+",metaNetwork
1111,MYL2,1.7618593154236228,"19% O2, CyA-_vs_1% O2, CyA+",metaNetwork
1112,MYL5,0.6569230196579249,"19% O2, CyA-_vs_1% O2, CyA+",metaNetwork
1113,MYLPF,0.4339175792625097,"19% O2, CyA-_vs_1% O2, CyA+",metaNetwork
1114,NCF1,0.0781460257266271,"19% O2, CyA-_vs_1% O2, CyA+",metaNetwork
1115,NCF2,4.247735347474531,"19% O2, CyA-_vs_1% O2, CyA+",metaNetwork
1116,NCF4,4.174262607593192,"19% O2, CyA-_vs_1% O2, CyA+",metaNetwork
1117,NCKAP1,0.03611448552198134,"19% O2, CyA-_vs_1% O2, CyA+",metaNetwork
1118,NF1,254.46717605219408,"19% O2, CyA-_vs_1% O2, CyA+",metaNetwork
1119,NFATC1,8.21558312923265,"19% O2, CyA-_vs_1% O2, CyA+",metaNetwork
1120,NFATC2,24.91808184866244,"19% O2, CyA-_vs_1% O2, CyA+",metaNetwork
1121,NFATC3,23.39534182739427,"19% O2, CyA-_vs_1% O2, CyA+",metaNetwork
1122,NFATC4,3.086274651692591,"19% O2, CyA-_vs_1% O2, CyA+",metaNetwork
1123,NFKB1,39.67636426100448,"19% O2, CyA-_vs_1% O2, CyA+",metaNetwork
1124,NFKB2,15.360827757727805,"19% O2, CyA-_vs_1% O2, CyA+",metaNetwork
1125,NFKBIA,0.7735389823247624,"19% O2, CyA-_vs_1% O2, CyA+",metaNetwork
1126,NFKBIB,7.640515169183405,"19% O2, CyA-_vs_1% O2, CyA+",metaNetwork
1127,NLK,0.2690683144805326,"19% O2, CyA-_vs_1% O2, CyA+",metaNetwork
1128,NOS3,0.16728370033805767,"19% O2, CyA-_vs_1% O2, CyA+",metaNetwork
1129,NR4A1,0.420665429919018,"19% O2, CyA-_vs_1% O2, CyA+",metaNetwork
1130,NRAS,6.504418074806124,"19% O2, CyA-_vs_1% O2, CyA+",metaNetwork
1131,NTF3,1.5816610352947038,"19% O2, CyA-_vs_1% O2, CyA+",metaNetwork
1132,OSM,0.2504527508698171,"19% O2, CyA-_vs_1% O2, CyA+",metaNetwork
1133,PAK1,2.7399161429637715,"19% O2, CyA-_vs_1% O2, CyA+",metaNetwork
1134,PAK2,0.5651167371715636,"19% O2, CyA-_vs_1% O2, CyA+",metaNetwork
1135,PAK4,10.141297156360768,"19% O2, CyA-_vs_1% O2, CyA+",metaNetwork
1136,PDHB,0.8832652766854789,"19% O2, CyA-_vs_1% O2, CyA+",metaNetwork
1137,PDK1,52.83619598581652,"19% O2, CyA-_vs_1% O2, CyA+",metaNetwork
1138,PDPK1,8.875644596845527,"19% O2, CyA-_vs_1% O2, CyA+",metaNetwork
1139,PFKFB3,52.1908158968262,"19% O2, CyA-_vs_1% O2, CyA+",metaNetwork
1140,PGAM5,0.29335444726147514,"19% O2, CyA-_vs_1% O2, CyA+",metaNetwork
1141,PIAS1,13.100267061836442,"19% O2, CyA-_vs_1% O2, CyA+",metaNetwork
1142,PIAS2,12.141499139032382,"19% O2, CyA-_vs_1% O2, CyA+",metaNetwork
1143,PIAS3,0.3242338319464578,"19% O2, CyA-_vs_1% O2, CyA+",metaNetwork
1144,PIAS4,2.1554895929106377,"19% O2, CyA-_vs_1% O2, CyA+",metaNetwork
1145,PIK3CG,0.5715489896082349,"19% O2, CyA-_vs_1% O2, CyA+",metaNetwork
1146,PIKFYVE,7.307493604318399,"19% O2, CyA-_vs_1% O2, CyA+",metaNetwork
1147,PIM1,1.789964020295466,"19% O2, CyA-_vs_1% O2, CyA+",metaNetwork
1148,PKN1,7.641549932552697,"19% O2, CyA-_vs_1% O2, CyA+",metaNetwork
1149,PKN2,56.25813933187838,"19% O2, CyA-_vs_1% O2, CyA+",metaNetwork
1150,PKN3,0.8377895713122957,"19% O2, CyA-_vs_1% O2, CyA+",metaNetwork
1151,PLAU,0.16415462689904842,"19% O2, CyA-_vs_1% O2, CyA+",metaNetwork
1152,PLCG1,2.6520362979168497,"19% O2, CyA-_vs_1% O2, CyA+",metaNetwork
1153,PLCG2,260.9140836549981,"19% O2, CyA-_vs_1% O2, CyA+",metaNetwork
1154,PLK3,0.2430540018432502,"19% O2, CyA-_vs_1% O2, CyA+",metaNetwork
1155,PPM1A,0.8352813450468615,"19% O2, CyA-_vs_1% O2, CyA+",metaNetwork
1156,PPM1B,4.79635948121264,"19% O2, CyA-_vs_1% O2, CyA+",metaNetwork
1157,PPP1R12A,5.338263554731865,"19% O2, CyA-_vs_1% O2, CyA+",metaNetwork
1158,PPP1R12B,2829.0117648980636,"19% O2, CyA-_vs_1% O2, CyA+",metaNetwork
1159,PPP1R12C,17.04780505816024,"19% O2, CyA-_vs_1% O2, CyA+",metaNetwork
1160,PPP5C,0.3383358594685743,"19% O2, CyA-_vs_1% O2, CyA+",metaNetwork
1161,PREX1,0.11493311249161975,"19% O2, CyA-_vs_1% O2, CyA+",metaNetwork
1162,PRKCA,0.9463544490778084,"19% O2, CyA-_vs_1% O2, CyA+",metaNetwork
1163,PRKCB,12.54337394826914,"19% O2, CyA-_vs_1% O2, CyA+",metaNetwork
1164,PRKCD,18.67261732526361,"19% O2, CyA-_vs_1% O2, CyA+",metaNetwork
1165,PRKCG,53.310018498068025,"19% O2, CyA-_vs_1% O2, CyA+",metaNetwork
1166,PRKCQ,60.04410060489301,"19% O2, CyA-_vs_1% O2, CyA+",metaNetwork
1167,PRKCZ,0.44310269466272145,"19% O2, CyA-_vs_1% O2, CyA+",metaNetwork
1168,PTK2,13.128499966784725,"19% O2, CyA-_vs_1% O2, CyA+",metaNetwork
1169,PTK2B,17.26983314429217,"19% O2, CyA-_vs_1% O2, CyA+",metaNetwork
1170,PTPN11,2.5425552646844154,"19% O2, CyA-_vs_1% O2, CyA+",metaNetwork
1171,PTPN2,5.640455236346383,"19% O2, CyA-_vs_1% O2, CyA+",metaNetwork
1172,PTPN6,7.175300048962959,"19% O2, CyA-_vs_1% O2, CyA+",metaNetwork
1173,PXN,77.88392500300549,"19% O2, CyA-_vs_1% O2, CyA+",metaNetwork
1174,PYCARD,3.526484764109241,"19% O2, CyA-_vs_1% O2, CyA+",metaNetwork
1175,RAC1,1.0115985511362402,"19% O2, CyA-_vs_1% O2, CyA+",metaNetwork
1176,RAC2,16.940310129015295,"19% O2, CyA-_vs_1% O2, CyA+",metaNetwork
1177,RAC3,2.8954102280214826,"19% O2, CyA-_vs_1% O2, CyA+",metaNetwork
1178,RAF1,743.2399164989957,"19% O2, CyA-_vs_1% O2, CyA+",metaNetwork
1179,RAP1A,21.697383780668236,"19% O2, CyA-_vs_1% O2, CyA+",metaNetwork
1180,RAP1B,4.610829484055165,"19% O2, CyA-_vs_1% O2, CyA+",metaNetwork
1181,RAPGEF2,0.015597763719521042,"19% O2, CyA-_vs_1% O2, CyA+",metaNetwork
1182,RAPGEF3,1.1445087619471002,"19% O2, CyA-_vs_1% O2, CyA+",metaNetwork
1183,RASA1,0.9868396265756079,"19% O2, CyA-_vs_1% O2, CyA+",metaNetwork
1184,RASA2,0.6748372014929002,"19% O2, CyA-_vs_1% O2, CyA+",metaNetwork
1185,RASGRF1,0.2989915145042766,"19% O2, CyA-_vs_1% O2, CyA+",metaNetwork
1186,RASGRP1,6.339505201484953,"19% O2, CyA-_vs_1% O2, CyA+",metaNetwork
1187,RASGRP2,5.839585518817718,"19% O2, CyA-_vs_1% O2, CyA+",metaNetwork
1188,RASGRP3,0.9998931358848374,"19% O2, CyA-_vs_1% O2, CyA+",metaNetwork
1189,RASSF5,7.646138907402045,"19% O2, CyA-_vs_1% O2, CyA+",metaNetwork
1190,RBL2,39.26916609495859,"19% O2, CyA-_vs_1% O2, CyA+",metaNetwork
1191,RBX1,3.4615088815591046,"19% O2, CyA-_vs_1% O2, CyA+",metaNetwork
1192,RDX,0.37442022879311804,"19% O2, CyA-_vs_1% O2, CyA+",metaNetwork
1193,RELA,8.67473910844934,"19% O2, CyA-_vs_1% O2, CyA+",metaNetwork
1194,RELB,30.38250319226774,"19% O2, CyA-_vs_1% O2, CyA+",metaNetwork
1195,RHEB,0.7644715433138347,"19% O2, CyA-_vs_1% O2, CyA+",metaNetwork
1196,RHOA,16.142316627709747,"19% O2, CyA-_vs_1% O2, CyA+",metaNetwork
1197,RICTOR,22.873345870822703,"19% O2, CyA-_vs_1% O2, CyA+",metaNetwork
1198,RIPK1,20.97146347439043,"19% O2, CyA-_vs_1% O2, CyA+",metaNetwork
1199,RIPK3,100.33523140851794,"19% O2, CyA-_vs_1% O2, CyA+",metaNetwork
1200,ROCK1,5.060101697654832,"19% O2, CyA-_vs_1% O2, CyA+",metaNetwork
1201,ROCK2,4.383933972131095,"19% O2, CyA-_vs_1% O2, CyA+",metaNetwork
1202,RPS6KA4,5.907987056052882,"19% O2, CyA-_vs_1% O2, CyA+",metaNetwork
1203,RPS6KA5,10.222949549381534,"19% O2, CyA-_vs_1% O2, CyA+",metaNetwork
1204,RRAS,0.257397106116249,"19% O2, CyA-_vs_1% O2, CyA+",metaNetwork
1205,RRAS2,32.79504513913113,"19% O2, CyA-_vs_1% O2, CyA+",metaNetwork
1206,RXRA,0.13930621880601055,"19% O2, CyA-_vs_1% O2, CyA+",metaNetwork
1207,SELL,0.31095531432283247,"19% O2, CyA-_vs_1% O2, CyA+",metaNetwork
1208,SGK1,0.8211955529813049,"19% O2, CyA-_vs_1% O2, CyA+",metaNetwork
1209,SGK3,0.20732325737740695,"19% O2, CyA-_vs_1% O2, CyA+",metaNetwork
1210,SH2D2A,1.1318881109155206,"19% O2, CyA-_vs_1% O2, CyA+",metaNetwork
1211,SHC1,102.6217478503502,"19% O2, CyA-_vs_1% O2, CyA+",metaNetwork
1212,SHC4,0.8836715867871959,"19% O2, CyA-_vs_1% O2, CyA+",metaNetwork
1213,SIPA1,5.894582187550551,"19% O2, CyA-_vs_1% O2, CyA+",metaNetwork
1214,SLC2A1,23.091436681283067,"19% O2, CyA-_vs_1% O2, CyA+",metaNetwork
1215,SLC38A9,1.6738574027605695,"19% O2, CyA-_vs_1% O2, CyA+",metaNetwork
1216,SLC9A1,347.71480477120895,"19% O2, CyA-_vs_1% O2, CyA+",metaNetwork
1217,SOCS1,0.16094948953168906,"19% O2, CyA-_vs_1% O2, CyA+",metaNetwork
1218,SOCS4,2.4217520411809303,"19% O2, CyA-_vs_1% O2, CyA+",metaNetwork
1219,SOCS5,1.3497603056055312,"19% O2, CyA-_vs_1% O2, CyA+",metaNetwork
1220,SRC,0.09479599635808272,"19% O2, CyA-_vs_1% O2, CyA+",metaNetwork
1221,STAM,1.8031824033213721,"19% O2, CyA-_vs_1% O2, CyA+",metaNetwork
1222,STAT1,10.517036328531592,"19% O2, CyA-_vs_1% O2, CyA+",metaNetwork
1223,STAT2,11.430756236047158,"19% O2, CyA-_vs_1% O2, CyA+",metaNetwork
1224,STAT3,56.15481556573632,"19% O2, CyA-_vs_1% O2, CyA+",metaNetwork
1225,STAT5A,2.1097967108404942,"19% O2, CyA-_vs_1% O2, CyA+",metaNetwork
1226,STAT5B,1.1764174480887828,"19% O2, CyA-_vs_1% O2, CyA+",metaNetwork
1227,STAT6,4.218343013768088,"19% O2, CyA-_vs_1% O2, CyA+",metaNetwork
1228,STK3,0.034033327265699555,"19% O2, CyA-_vs_1% O2, CyA+",metaNetwork
1229,STK4,133.22872790697062,"19% O2, CyA-_vs_1% O2, CyA+",metaNetwork
1230,SYK,203.8474288326923,"19% O2, CyA-_vs_1% O2, CyA+",metaNetwork
1231,TBC1D7,4.396098169977825,"19% O2, CyA-_vs_1% O2, CyA+",metaNetwork
1232,TELO2,102.9155043116558,"19% O2, CyA-_vs_1% O2, CyA+",metaNetwork
1233,TF,1.0568713429128394,"19% O2, CyA-_vs_1% O2, CyA+",metaNetwork
1234,TFRC,0.7277748286223884,"19% O2, CyA-_vs_1% O2, CyA+",metaNetwork
1235,TGFB1,5.253039945464151,"19% O2, CyA-_vs_1% O2, CyA+",metaNetwork
1236,TGFB3,0.5508216648092097,"19% O2, CyA-_vs_1% O2, CyA+",metaNetwork
1237,TGFBR1,0.7525231599436278,"19% O2, CyA-_vs_1% O2, CyA+",metaNetwork
1238,TGFBR2,2.92982423398627,"19% O2, CyA-_vs_1% O2, CyA+",metaNetwork
1239,THBS1,0.14170306259654789,"19% O2, CyA-_vs_1% O2, CyA+",metaNetwork
1240,TIAM1,55.45060439944916,"19% O2, CyA-_vs_1% O2, CyA+",metaNetwork
1241,TIRAP,0.10166507809921517,"19% O2, CyA-_vs_1% O2, CyA+",metaNetwork
1242,TLR2,0.29277046806708495,"19% O2, CyA-_vs_1% O2, CyA+",metaNetwork
1243,TLR4,0.8321038736432949,"19% O2, CyA-_vs_1% O2, CyA+",metaNetwork
1244,TNF,1.6644367861477884,"19% O2, CyA-_vs_1% O2, CyA+",metaNetwork
1245,TNFAIP3,0.7131314398943661,"19% O2, CyA-_vs_1% O2, CyA+",metaNetwork
1246,TNFRSF13C,2.678672919734013,"19% O2, CyA-_vs_1% O2, CyA+",metaNetwork
1247,TNFRSF1A,7.5912510485900935,"19% O2, CyA-_vs_1% O2, CyA+",metaNetwork
1248,TNFRSF1B,0.15459916642422555,"19% O2, CyA-_vs_1% O2, CyA+",metaNetwork
1249,TNFSF13B,1.3507495724525163,"19% O2, CyA-_vs_1% O2, CyA+",metaNetwork
1250,TP53,18.210710436010903,"19% O2, CyA-_vs_1% O2, CyA+",metaNetwork
1251,TRADD,3.7274508790328253,"19% O2, CyA-_vs_1% O2, CyA+",metaNetwork
1252,TRAF1,0.4504355475299632,"19% O2, CyA-_vs_1% O2, CyA+",metaNetwork
1253,TRAF2,8.368162152934726,"19% O2, CyA-_vs_1% O2, CyA+",metaNetwork
1254,TRAF3,12.767679934368646,"19% O2, CyA-_vs_1% O2, CyA+",metaNetwork
1255,TRAF5,3.09260753070115,"19% O2, CyA-_vs_1% O2, CyA+",metaNetwork
1256,TRAF6,0.2877960668927553,"19% O2, CyA-_vs_1% O2, CyA+",metaNetwork
1257,TRIM25,26.663664480525682,"19% O2, CyA-_vs_1% O2, CyA+",metaNetwork
1258,TSC1,14.102145184141081,"19% O2, CyA-_vs_1% O2, CyA+",metaNetwork
1259,TSC2,33.300249952663584,"19% O2, CyA-_vs_1% O2, CyA+",metaNetwork
1260,TTI1,0.162437373374951,"19% O2, CyA-_vs_1% O2, CyA+",metaNetwork
1261,TYK2,0.586210418216916,"19% O2, CyA-_vs_1% O2, CyA+",metaNetwork
1262,ULK1,12.261904987298152,"19% O2, CyA-_vs_1% O2, CyA+",metaNetwork
1263,VCL,1.6696280237369558,"19% O2, CyA-_vs_1% O2, CyA+",metaNetwork
1264,VEGFA,37.38694153134217,"19% O2, CyA-_vs_1% O2, CyA+",metaNetwork
1265,VEGFB,2.05483558024807,"19% O2, CyA-_vs_1% O2, CyA+",metaNetwork
1266,VHL,0.010837028253640947,"19% O2, CyA-_vs_1% O2, CyA+",metaNetwork
1267,VTN,4.040696097566318,"19% O2, CyA-_vs_1% O2, CyA+",metaNetwork
1268,WAS,44.01908009874211,"19% O2, CyA-_vs_1% O2, CyA+",metaNetwork
1269,WASF1,6.616226402276679,"19% O2, CyA-_vs_1% O2, CyA+",metaNetwork
1270,WASF2,2.215037633011708,"19% O2, CyA-_vs_1% O2, CyA+",metaNetwork
1271,WASL,1.127218303969613,"19% O2, CyA-_vs_1% O2, CyA+",metaNetwork
1272,XIAP,1.6147811038284698,"19% O2, CyA-_vs_1% O2, CyA+",metaNetwork
1273,YWHAE,1.6068893673503912,"19% O2, CyA-_vs_1% O2, CyA+",metaNetwork
1274,ZAP70,0.22821655621221362,"19% O2, CyA-_vs_1% O2, CyA+",metaNetwork
