Pathway,P-value,Contrast,-log10Pvalue,Pathway Name
hsa05225,0.2605275840238729,"1% O2, CyA+ vs 1% O2, CyA-",0.5841462878917141,Hepatocellular carcinoma
hsa04962,0.7093377391220493,"1% O2, CyA+ vs 1% O2, CyA-",0.14914693362890907,Vasopressin-regulated water reabsorption
hsa03250,0.19276642187204385,"1% O2, CyA+ vs 1% O2, CyA-",0.7149686139275051,Viral life cycle - HIV-1
hsa04912,0.2067606002560084,"1% O2, CyA+ vs 1% O2, CyA-",0.6845322156826511,GnRH signaling pathway
hsa05218,0.3771090595649746,"1% O2, CyA+ vs 1% O2, CyA-",0.4235330340971228,Melanoma
hsa00100,6.567021257957785e-07,"1% O2, CyA+ vs 1% O2, CyA-",6.182631577865167,Steroid biosynthesis
hsa00830,0.715491380228198,"1% O2, CyA+ vs 1% O2, CyA-",0.14539559396832574,Retinol metabolism
hsa00785,0.6315233506364089,"1% O2, CyA+ vs 1% O2, CyA-",0.19961058673168164,Lipoic acid metabolism
hsa04964,0.4043010518707104,"1% O2, CyA+ vs 1% O2, CyA-",0.3932951287601893,Proximal tubule bicarbonate reclamation
hsa04625,0.45161885495195275,"1% O2, CyA+ vs 1% O2, CyA-",0.3452279347039975,C-type lectin receptor signaling pathway
hsa05221,0.4540167373407833,"1% O2, CyA+ vs 1% O2, CyA-",0.3429281365685403,Acute myeloid leukemia
hsa04145,0.26141313902756835,"1% O2, CyA+ vs 1% O2, CyA-",0.5826725878963822,Phagosome
hsa05217,0.27731826531000436,"1% O2, CyA+ vs 1% O2, CyA-",0.5570215250773664,Basal cell carcinoma
hsa05223,0.3880543350775342,"1% O2, CyA+ vs 1% O2, CyA-",0.41110746055985736,Non-small cell lung cancer
hsa05330,0.6890789601643642,"1% O2, CyA+ vs 1% O2, CyA-",0.1617310103146164,Allograft rejection
hsa04022,0.30863906112797007,"1% O2, CyA+ vs 1% O2, CyA-",0.5105491108107467,cGMP-PKG signaling pathway
hsa00140,0.7349406377175881,"1% O2, CyA+ vs 1% O2, CyA-",0.1337477381305404,Steroid hormone biosynthesis
hsa04066,6.026695072547516e-07,"1% O2, CyA+ vs 1% O2, CyA-",6.219920781596651,HIF-1 signaling pathway
hsa04724,0.7047298052402267,"1% O2, CyA+ vs 1% O2, CyA-",0.15197736043457247,Glutamatergic synapse
hsa05012,0.5404246663764781,"1% O2, CyA+ vs 1% O2, CyA-",0.26726483687665975,Parkinson disease
hsa05146,0.7336692539084178,"1% O2, CyA+ vs 1% O2, CyA-",0.13449968064950216,Amoebiasis
hsa05410,0.6769143961265172,"1% O2, CyA+ vs 1% O2, CyA-",0.1694662495431263,Hypertrophic cardiomyopathy
hsa00510,0.7006574129550442,"1% O2, CyA+ vs 1% O2, CyA-",0.15449427879684918,N-Glycan biosynthesis
hsa04114,4.1420851891471766e-05,"1% O2, CyA+ vs 1% O2, CyA-",4.382780973333421,Oocyte meiosis
hsa04310,0.18716216560920507,"1% O2, CyA+ vs 1% O2, CyA-",0.727781938331928,Wnt signaling pathway
hsa03015,0.29995883442870996,"1% O2, CyA+ vs 1% O2, CyA-",0.5229383426375487,mRNA surveillance pathway
hsa03440,0.3544283457700562,"1% O2, CyA+ vs 1% O2, CyA-",0.4504715522498889,Homologous recombination
hsa05152,0.47397107710618147,"1% O2, CyA+ vs 1% O2, CyA-",0.32424815924665673,Tuberculosis
hsa04110,0.5781688400241872,"1% O2, CyA+ vs 1% O2, CyA-",0.23794531800989568,Cell cycle
hsa00604,0.7264478103210739,"1% O2, CyA+ vs 1% O2, CyA-",0.13879558095815242,Glycosphingolipid biosynthesis - ganglio series
hsa05416,0.5604952590651893,"1% O2, CyA+ vs 1% O2, CyA-",0.25142805652223765,Viral myocarditis
hsa04664,0.06555546652812837,"1% O2, CyA+ vs 1% O2, CyA-",1.1833910875892477,Fc epsilon RI signaling pathway
hsa04929,0.19144171887898276,"1% O2, CyA+ vs 1% O2, CyA-",0.7179634150198488,GnRH secretion
hsa04136,0.5122817755315247,"1% O2, CyA+ vs 1% O2, CyA-",0.2904910939126056,Autophagy - other
hsa04660,0.017011856399358722,"1% O2, CyA+ vs 1% O2, CyA-",1.7692482919131827,T cell receptor signaling pathway
hsa00310,0.37715235858773866,"1% O2, CyA+ vs 1% O2, CyA-",0.42348317200361957,Lysine degradation
hsa04070,0.621877127277984,"1% O2, CyA+ vs 1% O2, CyA-",0.20629541630053533,Phosphatidylinositol signaling system
hsa04726,0.43171383654633,"1% O2, CyA+ vs 1% O2, CyA-",0.36480403186395133,Serotonergic synapse
hsa05332,0.6912683127355177,"1% O2, CyA+ vs 1% O2, CyA-",0.16035335042194634,Graft-versus-host disease
hsa04916,0.07507280467853432,"1% O2, CyA+ vs 1% O2, CyA-",1.124517358828463,Melanogenesis
hsa05169,0.6605984825560572,"1% O2, CyA+ vs 1% O2, CyA-",0.1800624282502477,Epstein-Barr virus infection
hsa00900,0.24637370083058652,"1% O2, CyA+ vs 1% O2, CyA-",0.6084056528133424,Terpenoid backbone biosynthesis
hsa00591,0.6510046910396299,"1% O2, CyA+ vs 1% O2, CyA-",0.18641588196132353,Linoleic acid metabolism
hsa04024,0.26587717812482714,"1% O2, CyA+ vs 1% O2, CyA-",0.5753189392378988,cAMP signaling pathway
hsa04068,0.3360273657782078,"1% O2, CyA+ vs 1% O2, CyA-",0.4736253526026818,FoxO signaling pathway
hsa00520,0.7043801372252553,"1% O2, CyA+ vs 1% O2, CyA-",0.15219289917706613,Amino sugar and nucleotide sugar metabolism
hsa00860,0.7384863902377561,"1% O2, CyA+ vs 1% O2, CyA-",0.1316575040068816,Porphyrin metabolism
hsa04922,0.16219489815570898,"1% O2, CyA+ vs 1% O2, CyA-",0.7899628106530394,Glucagon signaling pathway
hsa04926,0.6861074725851278,"1% O2, CyA+ vs 1% O2, CyA-",0.16360785062722008,Relaxin signaling pathway
hsa04370,0.3413786111884437,"1% O2, CyA+ vs 1% O2, CyA-",0.4667636927521176,VEGF signaling pathway
hsa05213,0.37364485870616376,"1% O2, CyA+ vs 1% O2, CyA-",0.42754098918970596,Endometrial cancer
hsa04520,0.36056057126213775,"1% O2, CyA+ vs 1% O2, CyA-",0.44302176685243944,Adherens junction
hsa05110,0.53609698908086,"1% O2, CyA+ vs 1% O2, CyA-",0.27075663192641874,Vibrio cholerae infection
hsa00430,0.6200657973182274,"1% O2, CyA+ vs 1% O2, CyA-",0.20756222357261897,Taurine and hypotaurine metabolism
hsa05220,0.465890484579375,"1% O2, CyA+ vs 1% O2, CyA-",0.33171615956008876,Chronic myeloid leukemia
hsa05235,0.38911273284659764,"1% O2, CyA+ vs 1% O2, CyA-",0.40992455764513946,PD-L1 expression and PD-1 checkpoint pathway in cancer
hsa05207,0.037184299201662725,"1% O2, CyA+ vs 1% O2, CyA-",1.4296403990822066,Chemical carcinogenesis - receptor activation
hsa05418,0.5570070388438709,"1% O2, CyA+ vs 1% O2, CyA-",0.25413931665439143,Fluid shear stress and atherosclerosis
hsa00920,0.6721069215176088,"1% O2, CyA+ vs 1% O2, CyA-",0.17256163210788655,Sulfur metabolism
hsa04931,0.17725269692286577,"1% O2, CyA+ vs 1% O2, CyA-",0.7514071482475291,Insulin resistance
hsa00500,0.7080924435671432,"1% O2, CyA+ vs 1% O2, CyA-",0.14991004017706566,Starch and sucrose metabolism
hsa05216,0.6686938937226543,"1% O2, CyA+ vs 1% O2, CyA-",0.17477264260638722,Thyroid cancer
hsa00740,0.6329813898093449,"1% O2, CyA+ vs 1% O2, CyA-",0.19860905842169826,Riboflavin metabolism
hsa00062,0.42230070558418026,"1% O2, CyA+ vs 1% O2, CyA-",0.3743781929509862,Fatty acid elongation
hsa04390,0.6567615212997221,"1% O2, CyA+ vs 1% O2, CyA-",0.18259229982395528,Hippo signaling pathway
hsa04064,0.5948753606272621,"1% O2, CyA+ vs 1% O2, CyA-",0.22557401891370304,NF-kappa B signaling pathway
hsa04975,0.7056874508010162,"1% O2, CyA+ vs 1% O2, CyA-",0.15138760553076563,Fat digestion and absorption
hsa04932,0.6202465241892816,"1% O2, CyA+ vs 1% O2, CyA-",0.2074356607996384,Non-alcoholic fatty liver disease
hsa05222,0.6328603025928934,"1% O2, CyA+ vs 1% O2, CyA-",0.1986921454465766,Small cell lung cancer
hsa05320,0.6855741788862086,"1% O2, CyA+ vs 1% O2, CyA-",0.16394554782116524,Autoimmune thyroid disease
hsa04115,0.5681199514168171,"1% O2, CyA+ vs 1% O2, CyA-",0.2455599587634356,p53 signaling pathway
hsa04710,0.12737370251359226,"1% O2, CyA+ vs 1% O2, CyA-",0.8949202268839054,Circadian rhythm
hsa05206,0.3454756829086095,"1% O2, CyA+ vs 1% O2, CyA-",0.46158251601849565,MicroRNAs in cancer
hsa05032,0.7366515470859808,"1% O2, CyA+ vs 1% O2, CyA-",0.13273789472393602,Morphine addiction
hsa00620,0.6583112303121215,"1% O2, CyA+ vs 1% O2, CyA-",0.18156873609585544,Pyruvate metabolism
hsa05132,0.3638940787751468,"1% O2, CyA+ vs 1% O2, CyA-",0.4390250111249537,Salmonella infection
hsa00053,0.6333048885398176,"1% O2, CyA+ vs 1% O2, CyA-",0.19838715959991432,Ascorbate and aldarate metabolism
hsa04658,0.6097002557918565,"1% O2, CyA+ vs 1% O2, CyA-",0.21488362277540898,Th1 and Th2 cell differentiation
hsa05014,,"1% O2, CyA+ vs 1% O2, CyA-",,Amyotrophic lateral sclerosis
hsa04933,0.7488443760141122,"1% O2, CyA+ vs 1% O2, CyA-",0.12560842750844475,AGE-RAGE signaling pathway in diabetic complications
hsa00531,0.6904831653572249,"1% O2, CyA+ vs 1% O2, CyA-",0.16084690547287817,Glycosaminoglycan degradation
hsa04714,0.4039186326743389,"1% O2, CyA+ vs 1% O2, CyA-",0.39370611246258663,Thermogenesis
hsa00592,0.732127617340354,"1% O2, CyA+ vs 1% O2, CyA-",0.13541321036785423,alpha-Linolenic acid metabolism
hsa05170,0.5749552418183355,"1% O2, CyA+ vs 1% O2, CyA-",0.24036596224583948,Human immunodeficiency virus 1 infection
hsa05160,0.7597930010625764,"1% O2, CyA+ vs 1% O2, CyA-",0.11930471132604978,Hepatitis C
hsa04392,0.525197712162022,"1% O2, CyA+ vs 1% O2, CyA-",0.2796771744286615,Hippo signaling pathway - multiple species
hsa04666,0.42713600346907854,"1% O2, CyA+ vs 1% O2, CyA-",0.36943382017012116,Fc gamma R-mediated phagocytosis
hsa04920,0.4314902910611683,"1% O2, CyA+ vs 1% O2, CyA-",0.3650289718746057,Adipocytokine signaling pathway
hsa04940,0.6905115742118229,"1% O2, CyA+ vs 1% O2, CyA-",0.16082903747028943,Type I diabetes mellitus
hsa04672,0.668923907251842,"1% O2, CyA+ vs 1% O2, CyA-",0.1746232821427314,Intestinal immune network for IgA production
hsa00780,0.6266136802044595,"1% O2, CyA+ vs 1% O2, CyA-",0.2030001278512923,Biotin metabolism
hsa00590,0.661482402460259,"1% O2, CyA+ vs 1% O2, CyA-",0.17948170493991375,Arachidonic acid metabolism
hsa05161,0.18203266016062752,"1% O2, CyA+ vs 1% O2, CyA-",0.7398506842401459,Hepatitis B
hsa04540,0.41754089587859194,"1% O2, CyA+ vs 1% O2, CyA-",0.37930098129514145,Gap junction
hsa04913,0.6628872635768834,"1% O2, CyA+ vs 1% O2, CyA-",0.17856032524467658,Ovarian steroidogenesis
hsa05212,0.45964039040174237,"1% O2, CyA+ vs 1% O2, CyA-",0.33758181514941094,Pancreatic cancer
hsa05211,0.10676076008191815,"1% O2, CyA+ vs 1% O2, CyA-",0.9715883429193016,Renal cell carcinoma
hsa04371,0.26562334964061807,"1% O2, CyA+ vs 1% O2, CyA-",0.5757337509367166,Apelin signaling pathway
hsa05164,0.5133469346714242,"1% O2, CyA+ vs 1% O2, CyA-",0.28958902691990457,Influenza A
hsa04146,0.765807742385181,"1% O2, CyA+ vs 1% O2, CyA-",0.11588024720984678,Peroxisome
hsa04122,0.3691129261066097,"1% O2, CyA+ vs 1% O2, CyA-",0.43284074581361637,Sulfur relay system
hsa05167,0.48219446724301745,"1% O2, CyA+ vs 1% O2, CyA-",0.31677777707679916,Kaposi sarcoma-associated herpesvirus infection
hsa00562,0.6648004054433766,"1% O2, CyA+ vs 1% O2, CyA-",0.17730872435967424,Inositol phosphate metabolism
hsa04935,0.20634217867349097,"1% O2, CyA+ vs 1% O2, CyA-",0.6854119882516473,"Growth hormone synthesis, secretion and action"
hsa00240,0.7636440109504261,"1% O2, CyA+ vs 1% O2, CyA-",0.11710904994558624,Pyrimidine metabolism
hsa05200,0.3741864754999822,"1% O2, CyA+ vs 1% O2, CyA-",0.4269119135807288,Pathways in cancer
hsa00480,0.7218572245108701,"1% O2, CyA+ vs 1% O2, CyA-",0.1415486926502935,Glutathione metabolism
hsa04150,0.06329161265526294,"1% O2, CyA+ vs 1% O2, CyA-",1.198653838464192,mTOR signaling pathway
hsa05034,0.41420783977959674,"1% O2, CyA+ vs 1% O2, CyA-",0.3827816854020142,Alcoholism
hsa04750,0.465428160114948,"1% O2, CyA+ vs 1% O2, CyA-",0.33214734384140143,Inflammatory mediator regulation of TRP channels
hsa04137,0.4939237396509571,"1% O2, CyA+ vs 1% O2, CyA-",0.30634009967031606,Mitophagy - animal
hsa05203,0.1213698852991188,"1% O2, CyA+ vs 1% O2, CyA-",0.9158890584900993,Viral carcinogenesis
hsa03320,0.7228710193412407,"1% O2, CyA+ vs 1% O2, CyA-",0.14093918622615767,PPAR signaling pathway
hsa00564,0.7606203717775152,"1% O2, CyA+ vs 1% O2, CyA-",0.1188320470126817,Glycerophospholipid metabolism
hsa04961,0.24938908204842597,"1% O2, CyA+ vs 1% O2, CyA-",0.6031225633270498,Endocrine and other factor-regulated calcium reabsorption
hsa00220,0.7045025116669761,"1% O2, CyA+ vs 1% O2, CyA-",0.1521174542208226,Arginine biosynthesis
hsa05168,0.5426179182889435,"1% O2, CyA+ vs 1% O2, CyA-",0.2655058690972265,Herpes simplex virus 1 infection
hsa04061,0.6427860666234425,"1% O2, CyA+ vs 1% O2, CyA-",0.19193354580747518,Viral protein interaction with cytokine and cytokine receptor
hsa00982,0.7391786249498882,"1% O2, CyA+ vs 1% O2, CyA-",0.13125060023022958,Drug metabolism - cytochrome P450
hsa05412,0.5637644769538892,"1% O2, CyA+ vs 1% O2, CyA-",0.24890229268744182,Arrhythmogenic right ventricular cardiomyopathy
hsa04924,0.5313268482825068,"1% O2, CyA+ vs 1% O2, CyA-",0.27463823836027756,Renin secretion
hsa05143,0.7370631455567465,"1% O2, CyA+ vs 1% O2, CyA-",0.13249530373919025,African trypanosomiasis
hsa04960,0.43853103618891937,"1% O2, CyA+ vs 1% O2, CyA-",0.35799966485528145,Aldosterone-regulated sodium reabsorption
hsa05162,0.7629555080002666,"1% O2, CyA+ vs 1% O2, CyA-",0.11750078733131201,Measles
hsa00730,0.6568113715112698,"1% O2, CyA+ vs 1% O2, CyA-",0.18255933679323844,Thiamine metabolism
hsa05030,0.6729642881629847,"1% O2, CyA+ vs 1% O2, CyA-",0.17200798163822678,Cocaine addiction
hsa00750,0.6496426904483393,"1% O2, CyA+ vs 1% O2, CyA-",0.18732544371614737,Vitamin B6 metabolism
hsa04623,0.5851917357577407,"1% O2, CyA+ vs 1% O2, CyA-",0.2327018157322248,Cytosolic DNA-sensing pathway
hsa00650,0.6404770088324263,"1% O2, CyA+ vs 1% O2, CyA-",0.19349645548435657,Butanoate metabolism
hsa05010,0.2042639416001042,"1% O2, CyA+ vs 1% O2, CyA-",0.689808291939429,Alzheimer disease
hsa05031,0.26213452978571405,"1% O2, CyA+ vs 1% O2, CyA-",0.58147576765443,Amphetamine addiction
hsa00071,0.6650782393764821,"1% O2, CyA+ vs 1% O2, CyA-",0.1771272615679245,Fatty acid degradation
hsa00561,0.5296418823961525,"1% O2, CyA+ vs 1% O2, CyA-",0.27601767958356943,Glycerolipid metabolism
hsa04614,0.5965175893937356,"1% O2, CyA+ vs 1% O2, CyA-",0.22437674585111828,Renin-angiotensin system
hsa04971,0.15093636870555954,"1% O2, CyA+ vs 1% O2, CyA-",0.8212061026691749,Gastric acid secretion
hsa04215,0.5212222925574634,"1% O2, CyA+ vs 1% O2, CyA-",0.28297701788721114,Apoptosis - multiple species
hsa04080,0.8511344637397524,"1% O2, CyA+ vs 1% O2, CyA-",0.07000182387883447,Neuroactive ligand-receptor interaction
hsa05231,0.4851844421256778,"1% O2, CyA+ vs 1% O2, CyA-",0.3140931336242959,Choline metabolism in cancer
hsa05166,0.32098673016499213,"1% O2, CyA+ vs 1% O2, CyA-",0.49351292128746993,Human T-cell leukemia virus 1 infection
hsa00790,0.6803931550674409,"1% O2, CyA+ vs 1% O2, CyA-",0.16724006415322595,Folate biosynthesis
hsa00983,0.5544323216527879,"1% O2, CyA+ vs 1% O2, CyA-",0.256151459661971,Drug metabolism - other enzymes
hsa04721,0.6880019237268231,"1% O2, CyA+ vs 1% O2, CyA-",0.16241034742905855,Synaptic vesicle cycle
hsa04218,0.05769708317686559,"1% O2, CyA+ vs 1% O2, CyA-",1.2388461416486252,Cellular senescence
hsa04530,0.40252733537505503,"1% O2, CyA+ vs 1% O2, CyA-",0.3952046216329039,Tight junction
hsa04340,0.5464557606176931,"1% O2, CyA+ vs 1% O2, CyA-",0.26244499144036665,Hedgehog signaling pathway
hsa04725,0.0013214067194312602,"1% O2, CyA+ vs 1% O2, CyA-",2.8789634891089797,Cholinergic synapse
hsa04740,0.1853441547504357,"1% O2, CyA+ vs 1% O2, CyA-",0.7320211058829221,Olfactory transduction
hsa04152,0.1548966141459786,"1% O2, CyA+ vs 1% O2, CyA-",0.8099580752930156,AMPK signaling pathway
hsa03460,0.00039279066017802803,"1% O2, CyA+ vs 1% O2, CyA-",3.405838847466984,Fanconi anemia pathway
hsa05214,0.3927128215189087,"1% O2, CyA+ vs 1% O2, CyA-",0.40592491939672753,Glioma
hsa00440,0.3384516202934465,"1% O2, CyA+ vs 1% O2, CyA-",0.4705034024329704,Phosphonate and phosphinate metabolism
hsa04020,0.5288849506885492,"1% O2, CyA+ vs 1% O2, CyA-",0.27663879056450297,Calcium signaling pathway
hsa04514,0.5024201316101865,"1% O2, CyA+ vs 1% O2, CyA-",0.29893296705738553,Cell adhesion molecules
hsa04613,0.498397765409931,"1% O2, CyA+ vs 1% O2, CyA-",0.30242391352447234,Neutrophil extracellular trap formation
hsa00250,0.7343883945137882,"1% O2, CyA+ vs 1% O2, CyA-",0.1340741948765938,"Alanine, aspartate and glutamate metabolism"
hsa04217,0.02286659138219726,"1% O2, CyA+ vs 1% O2, CyA-",1.6407985688532953,Necroptosis
hsa04934,0.028317006680951596,"1% O2, CyA+ vs 1% O2, CyA-",1.5479526567256223,Cushing syndrome
hsa05140,0.6405773348945956,"1% O2, CyA+ vs 1% O2, CyA-",0.1934284317420483,Leishmaniasis
hsa04919,0.3859741376895885,"1% O2, CyA+ vs 1% O2, CyA-",0.4134417943826222,Thyroid hormone signaling pathway
hsa04550,0.2563541712231234,"1% O2, CyA+ vs 1% O2, CyA-",0.5911596116175858,Signaling pathways regulating pluripotency of stem cells
hsa00061,0.6229190072096253,"1% O2, CyA+ vs 1% O2, CyA-",0.20556841723901265,Fatty acid biosynthesis
hsa00532,0.729296020949272,"1% O2, CyA+ vs 1% O2, CyA-",0.13709615594816124,Glycosaminoglycan biosynthesis - chondroitin sulfate / dermatan sulfate
hsa04742,0.659852883012224,"1% O2, CyA+ vs 1% O2, CyA-",0.18055288145504408,Taste transduction
hsa04261,0.3904535116271275,"1% O2, CyA+ vs 1% O2, CyA-",0.4084306668972526,Adrenergic signaling in cardiomyocytes
hsa04910,0.4777851610047943,"1% O2, CyA+ vs 1% O2, CyA-",0.3207673426435079,Insulin signaling pathway
hsa04015,0.6276472836664279,"1% O2, CyA+ vs 1% O2, CyA-",0.20228434637590204,Rap1 signaling pathway
hsa05208,0.5622744022208293,"1% O2, CyA+ vs 1% O2, CyA-",0.25005168747991147,Chemical carcinogenesis - reactive oxygen species
hsa04914,0.0023361683318723634,"1% O2, CyA+ vs 1% O2, CyA-",2.631495867480258,Progesterone-mediated oocyte maturation
hsa04130,0.4258009017786574,"1% O2, CyA+ vs 1% O2, CyA-",0.3707934231300116,SNARE interactions in vesicular transport
hsa00640,0.5239659483259614,"1% O2, CyA+ vs 1% O2, CyA-",0.2806969361740264,Propanoate metabolism
hsa00450,0.6787120673499102,"1% O2, CyA+ vs 1% O2, CyA-",0.16831442908039576,Selenocompound metabolism
hsa04621,0.43164833147914644,"1% O2, CyA+ vs 1% O2, CyA-",0.36486993349903035,NOD-like receptor signaling pathway
hsa05130,0.6581056687561594,"1% O2, CyA+ vs 1% O2, CyA-",0.18170436828081837,Pathogenic Escherichia coli infection
hsa04670,0.6871144332881032,"1% O2, CyA+ vs 1% O2, CyA-",0.1629709287236184,Leukocyte transendothelial migration
hsa04928,0.47838607743451383,"1% O2, CyA+ vs 1% O2, CyA-",0.32022146819470804,"Parathyroid hormone synthesis, secretion and action"
hsa00130,0.6834628694999161,"1% O2, CyA+ vs 1% O2, CyA-",0.16528507437972284,Ubiquinone and other terpenoid-quinone biosynthesis
hsa05100,0.5033685565993781,"1% O2, CyA+ vs 1% O2, CyA-",0.29811391656254993,Bacterial invasion of epithelial cells
hsa05414,0.7670632805386115,"1% O2, CyA+ vs 1% O2, CyA-",0.11516880651374366,Dilated cardiomyopathy
hsa05321,0.7127832616677042,"1% O2, CyA+ vs 1% O2, CyA-",0.1470425074149318,Inflammatory bowel disease
hsa00051,0.6507144665713807,"1% O2, CyA+ vs 1% O2, CyA-",0.18660953799907248,Fructose and mannose metabolism
hsa05230,0.25865141170070416,"1% O2, CyA+ vs 1% O2, CyA-",0.587285146900548,Central carbon metabolism in cancer
hsa04727,0.7078615853596391,"1% O2, CyA+ vs 1% O2, CyA-",0.15005165557482752,GABAergic synapse
hsa04630,0.6669434368680653,"1% O2, CyA+ vs 1% O2, CyA-",0.1759109968146712,JAK-STAT signaling pathway
hsa00603,0.7169522205113719,"1% O2, CyA+ vs 1% O2, CyA-",0.14450978583801888,Glycosphingolipid biosynthesis - globo and isoglobo series
hsa00340,0.7016699643102673,"1% O2, CyA+ vs 1% O2, CyA-",0.1538671134861411,Histidine metabolism
hsa04610,0.7375503613283146,"1% O2, CyA+ vs 1% O2, CyA-",0.13220831989182957,Complement and coagulation cascades
hsa05205,0.4636449978684273,"1% O2, CyA+ vs 1% O2, CyA-",0.33381442133309713,Proteoglycans in cancer
hsa04140,,"1% O2, CyA+ vs 1% O2, CyA-",,Autophagy - animal
hsa00010,0.555747792082882,"1% O2, CyA+ vs 1% O2, CyA-",0.2551222540237097,Glycolysis / Gluconeogenesis
hsa04144,0.016238797735487667,"1% O2, CyA+ vs 1% O2, CyA-",1.7894461275684654,Endocytosis
hsa01521,0.265045039511144,"1% O2, CyA+ vs 1% O2, CyA-",0.5766803194628225,EGFR tyrosine kinase inhibitor resistance
hsa05415,0.5795334016356553,"1% O2, CyA+ vs 1% O2, CyA-",0.23692152824566584,Diabetic cardiomyopathy
hsa05133,0.6404904803758196,"1% O2, CyA+ vs 1% O2, CyA-",0.19348732079981862,Pertussis
hsa04620,0.6800368693550287,"1% O2, CyA+ vs 1% O2, CyA-",0.16746754064175,Toll-like receptor signaling pathway
hsa00980,0.7356093040813676,"1% O2, CyA+ vs 1% O2, CyA-",0.13335278638659295,Metabolism of xenobiotics by cytochrome P450
hsa01524,0.4360132104899156,"1% O2, CyA+ vs 1% O2, CyA-",0.36050035211683107,Platinum drug resistance
hsa00630,0.7178738024964161,"1% O2, CyA+ vs 1% O2, CyA-",0.1439518951678655,Glyoxylate and dicarboxylate metabolism
hsa05022,,"1% O2, CyA+ vs 1% O2, CyA-",,Pathways of neurodegeneration - multiple diseases
hsa05165,0.2619298333155201,"1% O2, CyA+ vs 1% O2, CyA-",0.5818150334326452,Human papillomavirus infection
hsa04330,0.1544400728432499,"1% O2, CyA+ vs 1% O2, CyA-",0.8112400022084779,Notch signaling pathway
hsa04927,0.6083296799331874,"1% O2, CyA+ vs 1% O2, CyA-",0.2158609941292861,Cortisol synthesis and secretion
hsa01523,0.5102136392103661,"1% O2, CyA+ vs 1% O2, CyA-",0.2922479358582845,Antifolate resistance
hsa05323,0.7937994298502271,"1% O2, CyA+ vs 1% O2, CyA-",0.10028921736257818,Rheumatoid arthritis
hsa00563,0.7486477527928542,"1% O2, CyA+ vs 1% O2, CyA-",0.12572247469287326,Glycosylphosphatidylinositol (GPI)-anchor biosynthesis
hsa04917,0.5457630220249123,"1% O2, CyA+ vs 1% O2, CyA-",0.2629958931339993,Prolactin signaling pathway
hsa05135,0.43333470534989826,"1% O2, CyA+ vs 1% O2, CyA-",0.36317652735525663,Yersinia infection
hsa04612,0.43503481697730984,"1% O2, CyA+ vs 1% O2, CyA-",0.3614759839280602,Antigen processing and presentation
hsa00330,0.75390987688568,"1% O2, CyA+ vs 1% O2, CyA-",0.12268056700895653,Arginine and proline metabolism
hsa05016,0.2918061432355541,"1% O2, CyA+ vs 1% O2, CyA-",0.5349055693815039,Huntington disease
hsa04141,0.38084296477878676,"1% O2, CyA+ vs 1% O2, CyA-",0.4192540626148322,Protein processing in endoplasmic reticulum
hsa04979,0.5494993723789828,"1% O2, CyA+ vs 1% O2, CyA-",0.26003279927779754,Cholesterol metabolism
hsa00670,0.6849065046537917,"1% O2, CyA+ vs 1% O2, CyA-",0.16436870921449423,One carbon pool by folate
hsa00260,0.676349436808335,"1% O2, CyA+ vs 1% O2, CyA-",0.16982886727171606,"Glycine, serine and threonine metabolism"
hsa04978,0.5101496005772431,"1% O2, CyA+ vs 1% O2, CyA-",0.2923024490432876,Mineral absorption
hsa04730,0.1403141562894446,"1% O2, CyA+ vs 1% O2, CyA-",0.8528985108088181,Long-term depression
hsa04650,0.00047289356736291457,"1% O2, CyA+ vs 1% O2, CyA-",3.325236593529067,Natural killer cell mediated cytotoxicity
hsa04720,0.18002709724342403,"1% O2, CyA+ vs 1% O2, CyA-",0.744662121021193,Long-term potentiation
hsa00360,0.6656180187389313,"1% O2, CyA+ vs 1% O2, CyA-",0.17677492990698426,Phenylalanine metabolism
hsa05020,0.05906498213372045,"1% O2, CyA+ vs 1% O2, CyA-",1.228669923068101,Prion disease
hsa00760,0.6470288458707977,"1% O2, CyA+ vs 1% O2, CyA-",0.18907635716243423,Nicotinate and nicotinamide metabolism
hsa05210,0.5025724632993838,"1% O2, CyA+ vs 1% O2, CyA-",0.29880131073896266,Colorectal cancer
hsa03018,0.16492911431752316,"1% O2, CyA+ vs 1% O2, CyA-",0.7827026732131918,RNA degradation
hsa00410,0.699157505168369,"1% O2, CyA+ vs 1% O2, CyA-",0.1554249760140017,beta-Alanine metabolism
hsa00565,0.7607461748812936,"1% O2, CyA+ vs 1% O2, CyA-",0.11876022264659217,Ether lipid metabolism
hsa04350,0.7081479745188146,"1% O2, CyA+ vs 1% O2, CyA-",0.1498759827026565,TGF-beta signaling pathway
hsa05150,0.7248399440727313,"1% O2, CyA+ vs 1% O2, CyA-",0.139757881815273,Staphylococcus aureus infection
hsa00120,0.6988800818129098,"1% O2, CyA+ vs 1% O2, CyA-",0.1555973368076319,Primary bile acid biosynthesis
hsa04810,0.08888786418408634,"1% O2, CyA+ vs 1% O2, CyA-",1.0511575289922037,Regulation of actin cytoskeleton
hsa05144,0.7220203913075587,"1% O2, CyA+ vs 1% O2, CyA-",0.14145053690778872,Malaria
hsa04072,0.02829761889218607,"1% O2, CyA+ vs 1% O2, CyA-",1.5482501067191912,Phospholipase D signaling pathway
hsa00910,0.10232487343688085,"1% O2, CyA+ vs 1% O2, CyA-",0.9900187838505233,Nitrogen metabolism
hsa00513,0.6572159693418639,"1% O2, CyA+ vs 1% O2, CyA-",0.18229189241775698,Various types of N-glycan biosynthesis
hsa05134,0.2769936828180488,"1% O2, CyA+ vs 1% O2, CyA-",0.5575301354429413,Legionellosis
hsa04970,0.48410116024645056,"1% O2, CyA+ vs 1% O2, CyA-",0.3150638764832019,Salivary secretion
hsa05171,0.5211612277402982,"1% O2, CyA+ vs 1% O2, CyA-",0.28302790148743545,Coronavirus disease - COVID-19
hsa05017,0.08729738135413423,"1% O2, CyA+ vs 1% O2, CyA-",1.0589987835625465,Spinocerebellar ataxia
hsa04976,0.47413748026832353,"1% O2, CyA+ vs 1% O2, CyA-",0.32409571261959175,Bile secretion
hsa04060,0.8904292228144373,"1% O2, CyA+ vs 1% O2, CyA-",0.050400595417736234,Cytokine-cytokine receptor interaction
hsa04925,0.015892238461947542,"1% O2, CyA+ vs 1% O2, CyA-",1.7988149270088858,Aldosterone synthesis and secretion
hsa00280,0.5929390618217626,"1% O2, CyA+ vs 1% O2, CyA-",0.22698993812722124,"Valine, leucine and isoleucine degradation"
hsa00380,0.6998968485249307,"1% O2, CyA+ vs 1% O2, CyA-",0.15496596201067958,Tryptophan metabolism
hsa04662,0.1366968261279895,"1% O2, CyA+ vs 1% O2, CyA-",0.8642415689076884,B cell receptor signaling pathway
hsa00970,0.7285000296455297,"1% O2, CyA+ vs 1% O2, CyA-",0.13757042622084115,Aminoacyl-tRNA biosynthesis
hsa04936,0.48241727940323603,"1% O2, CyA+ vs 1% O2, CyA-",0.3165771448665005,Alcoholic liver disease
hsa04923,0.6421285390402395,"1% O2, CyA+ vs 1% O2, CyA-",0.19237802768160406,Regulation of lipolysis in adipocytes
hsa05215,0.32555177574494787,"1% O2, CyA+ vs 1% O2, CyA-",0.4873799314209738,Prostate cancer
hsa05224,0.13067945567725142,"1% O2, CyA+ vs 1% O2, CyA-",0.8837926831716416,Breast cancer
hsa04014,0.04962748831869008,"1% O2, CyA+ vs 1% O2, CyA-",1.3042777041888551,Ras signaling pathway
hsa04151,0.06434464953071246,"1% O2, CyA+ vs 1% O2, CyA-",1.1914875602731188,PI3K-Akt signaling pathway
hsa05417,0.5996369646286775,"1% O2, CyA+ vs 1% O2, CyA-",0.2221116029094154,Lipid and atherosclerosis
hsa04210,0.34252598438455295,"1% O2, CyA+ vs 1% O2, CyA-",0.4653064768817019,Apoptosis
hsa04713,0.5191900465160568,"1% O2, CyA+ vs 1% O2, CyA-",0.2846736420639815,Circadian entrainment
hsa05120,0.681042452525644,"1% O2, CyA+ vs 1% O2, CyA-",0.1668258156599174,Epithelial cell signaling in Helicobacter pylori infection
hsa00350,0.7255315343994503,"1% O2, CyA+ vs 1% O2, CyA-",0.13934370670240848,Tyrosine metabolism
hsa05322,0.37814746681214395,"1% O2, CyA+ vs 1% O2, CyA-",0.42233880457156825,Systemic lupus erythematosus
hsa05163,0.6379831954795456,"1% O2, CyA+ vs 1% O2, CyA-",0.19519076047416664,Human cytomegalovirus infection
hsa00030,0.6806953632922557,"1% O2, CyA+ vs 1% O2, CyA-",0.1670472076787069,Pentose phosphate pathway
hsa00230,0.7267954344604468,"1% O2, CyA+ vs 1% O2, CyA-",0.13858780948021482,Purine metabolism
hsa04211,0.05390815131766081,"1% O2, CyA+ vs 1% O2, CyA-",1.2683455612580836,Longevity regulating pathway
hsa04611,0.5945434179138932,"1% O2, CyA+ vs 1% O2, CyA-",0.225816424524019,Platelet activation
hsa04012,0.44376675449942066,"1% O2, CyA+ vs 1% O2, CyA-",0.3528452367553666,ErbB signaling pathway
hsa04728,0.4256726903051891,"1% O2, CyA+ vs 1% O2, CyA-",0.37092421176839685,Dopaminergic synapse
hsa05219,0.3872477718035645,"1% O2, CyA+ vs 1% O2, CyA-",0.41201107246146274,Bladder cancer
hsa00600,0.6279270433104944,"1% O2, CyA+ vs 1% O2, CyA-",0.2020908125180053,Sphingolipid metabolism
hsa04972,0.3635378216493257,"1% O2, CyA+ vs 1% O2, CyA-",0.43945039944284986,Pancreatic secretion
hsa04360,0.05114062610911836,"1% O2, CyA+ vs 1% O2, CyA-",1.2912339592570699,Axon guidance
hsa04722,0.013998531666192799,"1% O2, CyA+ vs 1% O2, CyA-",1.853917515944129,Neurotrophin signaling pathway
hsa00512,0.7047174330729017,"1% O2, CyA+ vs 1% O2, CyA-",0.15198498493281903,Mucin type O-glycan biosynthesis
hsa04723,0.7314968825922172,"1% O2, CyA+ vs 1% O2, CyA-",0.13578752036010955,Retrograde endocannabinoid signaling
hsa00601,0.6860123621383347,"1% O2, CyA+ vs 1% O2, CyA-",0.16366805811236015,Glycosphingolipid biosynthesis - lacto and neolacto series
hsa05204,0.7141718874975944,"1% O2, CyA+ vs 1% O2, CyA-",0.14619724927760022,Chemical carcinogenesis - DNA adducts
hsa04071,0.26932077951312416,"1% O2, CyA+ vs 1% O2, CyA-",0.569730137194741,Sphingolipid signaling pathway
hsa04213,0.3064877896250127,"1% O2, CyA+ vs 1% O2, CyA-",0.5135868229534305,Longevity regulating pathway - multiple species
hsa04270,0.2997043979122457,"1% O2, CyA+ vs 1% O2, CyA-",0.5233068840980444,Vascular smooth muscle contraction
hsa04918,0.3879152085373312,"1% O2, CyA+ vs 1% O2, CyA-",0.4112631931909666,Thyroid hormone synthesis
hsa04657,0.6793516802849062,"1% O2, CyA+ vs 1% O2, CyA-",0.16790534609111005,IL-17 signaling pathway
hsa00190,0.9129582528034943,"1% O2, CyA+ vs 1% O2, CyA-",0.03954908116406141,Oxidative phosphorylation
hsa04622,0.1788268557791568,"1% O2, CyA+ vs 1% O2, CyA-",0.7475672593607555,RIG-I-like receptor signaling pathway
hsa00052,0.5878521373758157,"1% O2, CyA+ vs 1% O2, CyA-",0.23073189840891417,Galactose metabolism
hsa04973,0.6408737861607319,"1% O2, CyA+ vs 1% O2, CyA-",0.19322749212099277,Carbohydrate digestion and absorption
hsa00515,0.7311665021077502,"1% O2, CyA+ vs 1% O2, CyA-",0.13598371372253812,Mannose type O-glycan biosynthesis
hsa04659,0.5144707889822434,"1% O2, CyA+ vs 1% O2, CyA-",0.2886392789073181,Th17 cell differentiation
hsa00270,0.5057219520834608,"1% O2, CyA+ vs 1% O2, CyA-",0.2960881943567884,Cysteine and methionine metabolism
hsa04915,0.09389439704175939,"1% O2, CyA+ vs 1% O2, CyA-",1.0273603226055283,Estrogen signaling pathway
hsa04216,0.5323882691546595,"1% O2, CyA+ vs 1% O2, CyA-",0.27377152250150905,Ferroptosis
hsa04512,0.8052536741587577,"1% O2, CyA+ vs 1% O2, CyA-",0.0940672849333144,ECM-receptor interaction
hsa04510,0.6325873263978912,"1% O2, CyA+ vs 1% O2, CyA-",0.1988795132274366,Focal adhesion
hsa04668,0.43591866514867655,"1% O2, CyA+ vs 1% O2, CyA-",0.36059453497973104,TNF signaling pathway
hsa05226,0.2941814163367272,"1% O2, CyA+ vs 1% O2, CyA-",0.5313847654539213,Gastric cancer
hsa00770,0.6047426133670437,"1% O2, CyA+ vs 1% O2, CyA-",0.2184294276267269,Pantothenate and CoA biosynthesis
hsa05131,0.380603453854395,"1% O2, CyA+ vs 1% O2, CyA-",0.41952727494784475,Shigellosis
hsa01522,0.3817849691255418,"1% O2, CyA+ vs 1% O2, CyA-",0.41818117377979036,Endocrine resistance
hsa04062,0.18191767299566391,"1% O2, CyA+ vs 1% O2, CyA-",0.7401251079092324,Chemokine signaling pathway
hsa04911,0.3981204602648247,"1% O2, CyA+ vs 1% O2, CyA-",0.39998550251693676,Insulin secretion
hsa00040,0.7296474869824636,"1% O2, CyA+ vs 1% O2, CyA-",0.13688690896784364,Pentose and glucuronate interconversions
hsa04930,0.5938903115785826,"1% O2, CyA+ vs 1% O2, CyA-",0.22629375952223796,Type II diabetes mellitus
hsa05202,0.23782445214217757,"1% O2, CyA+ vs 1% O2, CyA-",0.6237434950307149,Transcriptional misregulation in cancer
hsa05145,0.6670737721703625,"1% O2, CyA+ vs 1% O2, CyA-",0.17582613448698695,Toxoplasmosis
hsa04380,0.49901701586862496,"1% O2, CyA+ vs 1% O2, CyA-",0.30188464521457814,Osteoclast differentiation
hsa04010,0.09646263724379206,"1% O2, CyA+ vs 1% O2, CyA-",1.0156408688419856,MAPK signaling pathway
hsa05142,0.7127792176995004,"1% O2, CyA+ vs 1% O2, CyA-",0.14704497138701486,Chagas disease
hsa00020,0.6092691382990426,"1% O2, CyA+ vs 1% O2, CyA-",0.21519081991570685,Citrate cycle (TCA cycle)
hsa04744,0.6955801782249046,"1% O2, CyA+ vs 1% O2, CyA-",0.15765280247467486,Phototransduction
hsa04921,0.1395752911176099,"1% O2, CyA+ vs 1% O2, CyA-",0.8551914576517066,Oxytocin signaling pathway
hsa05225,0.07639029116331905,"1% O2, CyA- vs 19% O2, CyA-",1.116961834645945,Hepatocellular carcinoma
hsa04962,0.6903812662843154,"1% O2, CyA- vs 19% O2, CyA-",0.16091100185213442,Vasopressin-regulated water reabsorption
hsa03250,0.03247367997163201,"1% O2, CyA- vs 19% O2, CyA-",1.4884684936094446,Viral life cycle - HIV-1
hsa04912,0.5694548832647623,"1% O2, CyA- vs 19% O2, CyA-",0.2445406784774687,GnRH signaling pathway
hsa05218,0.003255205227549393,"1% O2, CyA- vs 19% O2, CyA-",2.487421625718659,Melanoma
hsa00100,0.1982568179869968,"1% O2, CyA- vs 19% O2, CyA-",0.7027718685086403,Steroid biosynthesis
hsa00830,0.6747576043658484,"1% O2, CyA- vs 19% O2, CyA-",0.17085221234311398,Retinol metabolism
hsa00785,0.6084527289754508,"1% O2, CyA- vs 19% O2, CyA-",0.21577315669861755,Lipoic acid metabolism
hsa04964,0.5863737581132411,"1% O2, CyA- vs 19% O2, CyA-",0.2318254738403728,Proximal tubule bicarbonate reclamation
hsa04625,0.5488266646095941,"1% O2, CyA- vs 19% O2, CyA-",0.26056479669727517,C-type lectin receptor signaling pathway
hsa05221,0.6360550887584993,"1% O2, CyA- vs 19% O2, CyA-",0.19650526845891367,Acute myeloid leukemia
hsa04145,0.39140650240305574,"1% O2, CyA- vs 19% O2, CyA-",0.407371963720662,Phagosome
hsa05217,0.1947967125159521,"1% O2, CyA- vs 19% O2, CyA-",0.7104183767604262,Basal cell carcinoma
hsa05223,0.6646909139495469,"1% O2, CyA- vs 19% O2, CyA-",0.17738025781160346,Non-small cell lung cancer
hsa05330,0.6474819839562097,"1% O2, CyA- vs 19% O2, CyA-",0.18877231122703042,Allograft rejection
hsa04022,0.37550930111003544,"1% O2, CyA- vs 19% O2, CyA-",0.4253793013475979,cGMP-PKG signaling pathway
hsa00140,0.7035610476993079,"1% O2, CyA- vs 19% O2, CyA-",0.1526982130427934,Steroid hormone biosynthesis
hsa04066,0.18065868221756143,"1% O2, CyA- vs 19% O2, CyA-",0.7431411619754487,HIF-1 signaling pathway
hsa04724,0.5793774179769473,"1% O2, CyA- vs 19% O2, CyA-",0.2370384360206328,Glutamatergic synapse
hsa05012,0.7090529258641847,"1% O2, CyA- vs 19% O2, CyA-",0.14932134654769005,Parkinson disease
hsa05146,0.718006106599482,"1% O2, CyA- vs 19% O2, CyA-",0.143871862093103,Amoebiasis
hsa05410,0.6840566788944017,"1% O2, CyA- vs 19% O2, CyA-",0.16490791244468722,Hypertrophic cardiomyopathy
hsa00510,0.7355369419645013,"1% O2, CyA- vs 19% O2, CyA-",0.1333955101717553,N-Glycan biosynthesis
hsa04114,0.0052321870912453656,"1% O2, CyA- vs 19% O2, CyA-",2.28131673501201,Oocyte meiosis
hsa04310,0.0668265213252415,"1% O2, CyA- vs 19% O2, CyA-",1.1750511456183843,Wnt signaling pathway
hsa03015,0.14284014230950348,"1% O2, CyA- vs 19% O2, CyA-",0.8451497257979248,mRNA surveillance pathway
hsa03440,0.6016753285091069,"1% O2, CyA- vs 19% O2, CyA-",0.22063779623981894,Homologous recombination
hsa05152,0.6045438644124004,"1% O2, CyA- vs 19% O2, CyA-",0.21857218217934762,Tuberculosis
hsa04110,0.6690330638945172,"1% O2, CyA- vs 19% O2, CyA-",0.17455241868642535,Cell cycle
hsa00604,0.6764689920803288,"1% O2, CyA- vs 19% O2, CyA-",0.16975210575821836,Glycosphingolipid biosynthesis - ganglio series
hsa05416,0.5544209216680778,"1% O2, CyA- vs 19% O2, CyA-",0.2561603895189803,Viral myocarditis
hsa04664,0.2595508314543651,"1% O2, CyA- vs 19% O2, CyA-",0.5857775755485134,Fc epsilon RI signaling pathway
hsa04929,0.5861872818622254,"1% O2, CyA- vs 19% O2, CyA-",0.23196360841033362,GnRH secretion
hsa04136,0.008780198396297354,"1% O2, CyA- vs 19% O2, CyA-",2.056495670717621,Autophagy - other
hsa04660,0.12003983301222565,"1% O2, CyA- vs 19% O2, CyA-",0.9206746173951306,T cell receptor signaling pathway
hsa00310,0.531483186865458,"1% O2, CyA- vs 19% O2, CyA-",0.2745104695546987,Lysine degradation
hsa04070,0.4185321806900731,"1% O2, CyA- vs 19% O2, CyA-",0.37827114374286064,Phosphatidylinositol signaling system
hsa04726,0.6784504800373427,"1% O2, CyA- vs 19% O2, CyA-",0.16848184591341925,Serotonergic synapse
hsa05332,0.6540537900138021,"1% O2, CyA- vs 19% O2, CyA-",0.18438653341037195,Graft-versus-host disease
hsa04916,0.055441147692508685,"1% O2, CyA- vs 19% O2, CyA-",1.2561677879315254,Melanogenesis
hsa05169,0.7296461479480154,"1% O2, CyA- vs 19% O2, CyA-",0.13688770597710626,Epstein-Barr virus infection
hsa00900,0.6447203117586398,"1% O2, CyA- vs 19% O2, CyA-",0.19062864722997178,Terpenoid backbone biosynthesis
hsa00591,0.6224390590081601,"1% O2, CyA- vs 19% O2, CyA-",0.20590316251664714,Linoleic acid metabolism
hsa04024,0.5991169203049664,"1% O2, CyA- vs 19% O2, CyA-",0.22248841485912402,cAMP signaling pathway
hsa04068,0.25246414807425355,"1% O2, CyA- vs 19% O2, CyA-",0.5978002864523217,FoxO signaling pathway
hsa00520,0.6938299078696872,"1% O2, CyA- vs 19% O2, CyA-",0.15874698361932374,Amino sugar and nucleotide sugar metabolism
hsa00860,0.7013426992188487,"1% O2, CyA- vs 19% O2, CyA-",0.15406971953467508,Porphyrin metabolism
hsa04922,0.20024961718154355,"1% O2, CyA- vs 19% O2, CyA-",0.698428305486432,Glucagon signaling pathway
hsa04926,0.7537521144042811,"1% O2, CyA- vs 19% O2, CyA-",0.12277145657938916,Relaxin signaling pathway
hsa04370,0.4524490297323505,"1% O2, CyA- vs 19% O2, CyA-",0.3444303387854005,VEGF signaling pathway
hsa05213,0.5246693932597459,"1% O2, CyA- vs 19% O2, CyA-",0.28011426975649245,Endometrial cancer
hsa04520,0.28541743783121043,"1% O2, CyA- vs 19% O2, CyA-",0.5445194968046863,Adherens junction
hsa05110,0.6976197006584599,"1% O2, CyA- vs 19% O2, CyA-",0.15638126350202375,Vibrio cholerae infection
hsa00430,0.6299792601488758,"1% O2, CyA- vs 19% O2, CyA-",0.20067374792921563,Taurine and hypotaurine metabolism
hsa05220,0.6512050010989126,"1% O2, CyA- vs 19% O2, CyA-",0.18628227282812865,Chronic myeloid leukemia
hsa05235,0.6048781616325181,"1% O2, CyA- vs 19% O2, CyA-",0.2183320948672536,PD-L1 expression and PD-1 checkpoint pathway in cancer
hsa05207,0.4310109610513803,"1% O2, CyA- vs 19% O2, CyA-",0.3655116851441411,Chemical carcinogenesis - receptor activation
hsa05418,0.6855174501564757,"1% O2, CyA- vs 19% O2, CyA-",0.16398148557146666,Fluid shear stress and atherosclerosis
hsa00920,0.6293231663340828,"1% O2, CyA- vs 19% O2, CyA-",0.2011262809239345,Sulfur metabolism
hsa04931,0.37528510024975203,"1% O2, CyA- vs 19% O2, CyA-",0.42563867781384995,Insulin resistance
hsa00500,0.6463387170013823,"1% O2, CyA- vs 19% O2, CyA-",0.18953982817692122,Starch and sucrose metabolism
hsa05216,0.7011866818981036,"1% O2, CyA- vs 19% O2, CyA-",0.15416634134192228,Thyroid cancer
hsa00740,0.6311517247565748,"1% O2, CyA- vs 19% O2, CyA-",0.19986622664530596,Riboflavin metabolism
hsa00062,0.6021918064225663,"1% O2, CyA- vs 19% O2, CyA-",0.2202651579060805,Fatty acid elongation
hsa04390,0.5374643633449409,"1% O2, CyA- vs 19% O2, CyA-",0.2696503264183667,Hippo signaling pathway
hsa04064,0.5137893233749615,"1% O2, CyA- vs 19% O2, CyA-",0.28921492468531285,NF-kappa B signaling pathway
hsa04975,0.6777020755765073,"1% O2, CyA- vs 19% O2, CyA-",0.16896118425809536,Fat digestion and absorption
hsa04932,0.5984448825221801,"1% O2, CyA- vs 19% O2, CyA-",0.22297584244848562,Non-alcoholic fatty liver disease
hsa05222,0.6274155338917566,"1% O2, CyA- vs 19% O2, CyA-",0.2024447330084401,Small cell lung cancer
hsa05320,0.6501825914588045,"1% O2, CyA- vs 19% O2, CyA-",0.18696466285372326,Autoimmune thyroid disease
hsa04115,0.6585470210676974,"1% O2, CyA- vs 19% O2, CyA-",0.1814132104346577,p53 signaling pathway
hsa04710,0.029477030242977598,"1% O2, CyA- vs 19% O2, CyA-",1.530516272985821,Circadian rhythm
hsa05206,0.5112143416196281,"1% O2, CyA- vs 19% O2, CyA-",0.29139697097074746,MicroRNAs in cancer
hsa05032,0.708780199295491,"1% O2, CyA- vs 19% O2, CyA-",0.14948842353751501,Morphine addiction
hsa00620,0.6807953972221694,"1% O2, CyA- vs 19% O2, CyA-",0.16698338912759692,Pyruvate metabolism
hsa05132,0.4158169839539569,"1% O2, CyA- vs 19% O2, CyA-",0.38109777597894595,Salmonella infection
hsa00053,0.610001935386412,"1% O2, CyA- vs 19% O2, CyA-",0.21466878707725642,Ascorbate and aldarate metabolism
hsa04658,0.48042770129698986,"1% O2, CyA- vs 19% O2, CyA-",0.31837195927583484,Th1 and Th2 cell differentiation
hsa05014,,"1% O2, CyA- vs 19% O2, CyA-",,Amyotrophic lateral sclerosis
hsa04933,0.7121785964030874,"1% O2, CyA- vs 19% O2, CyA-",0.14741108261867628,AGE-RAGE signaling pathway in diabetic complications
hsa00531,0.6562368598283462,"1% O2, CyA- vs 19% O2, CyA-",0.18293937960301415,Glycosaminoglycan degradation
hsa04714,0.49245144816287223,"1% O2, CyA- vs 19% O2, CyA-",0.30763658107370634,Thermogenesis
hsa00592,0.6781789461047567,"1% O2, CyA- vs 19% O2, CyA-",0.16865569691189225,alpha-Linolenic acid metabolism
hsa05170,0.657351352482601,"1% O2, CyA- vs 19% O2, CyA-",0.18220243918063994,Human immunodeficiency virus 1 infection
hsa05160,0.8199338480145972,"1% O2, CyA- vs 19% O2, CyA-",0.08622118493474311,Hepatitis C
hsa04392,0.6497213764724283,"1% O2, CyA- vs 19% O2, CyA-",0.187272844283892,Hippo signaling pathway - multiple species
hsa04666,0.5958753773938166,"1% O2, CyA- vs 19% O2, CyA-",0.2248445600072131,Fc gamma R-mediated phagocytosis
hsa04920,0.6631098642829976,"1% O2, CyA- vs 19% O2, CyA-",0.1784145115664866,Adipocytokine signaling pathway
hsa04940,0.6515890237337849,"1% O2, CyA- vs 19% O2, CyA-",0.18602624015849337,Type I diabetes mellitus
hsa04672,0.6917933787230997,"1% O2, CyA- vs 19% O2, CyA-",0.16002359901113739,Intestinal immune network for IgA production
hsa00780,0.5979548487946977,"1% O2, CyA- vs 19% O2, CyA-",0.22333160808453928,Biotin metabolism
hsa00590,0.668492838421757,"1% O2, CyA- vs 19% O2, CyA-",0.17490324098325727,Arachidonic acid metabolism
hsa05161,0.6236509555009514,"1% O2, CyA- vs 19% O2, CyA-",0.20505840793347474,Hepatitis B
hsa04540,0.6895871338018874,"1% O2, CyA- vs 19% O2, CyA-",0.16141085009948397,Gap junction
hsa04913,0.3614718183990987,"1% O2, CyA- vs 19% O2, CyA-",0.44192555615880635,Ovarian steroidogenesis
hsa05212,0.6946921129242204,"1% O2, CyA- vs 19% O2, CyA-",0.15820763179058459,Pancreatic cancer
hsa05211,0.4851663940584467,"1% O2, CyA- vs 19% O2, CyA-",0.3141092889687674,Renal cell carcinoma
hsa04371,0.5682540085013794,"1% O2, CyA- vs 19% O2, CyA-",0.24545749205017212,Apelin signaling pathway
hsa05164,0.7531648866412888,"1% O2, CyA- vs 19% O2, CyA-",0.12310993546020392,Influenza A
hsa04146,0.798494743241432,"1% O2, CyA- vs 19% O2, CyA-",0.09772793862224664,Peroxisome
hsa04122,0.5380275108563769,"1% O2, CyA- vs 19% O2, CyA-",0.2691955170703225,Sulfur relay system
hsa05167,0.6949955021443208,"1% O2, CyA- vs 19% O2, CyA-",0.15801800605768873,Kaposi sarcoma-associated herpesvirus infection
hsa00562,0.6287060994658462,"1% O2, CyA- vs 19% O2, CyA-",0.2015523262706016,Inositol phosphate metabolism
hsa04935,0.49380542997309895,"1% O2, CyA- vs 19% O2, CyA-",0.3064441387977923,"Growth hormone synthesis, secretion and action"
hsa00240,0.7328224402121712,"1% O2, CyA- vs 19% O2, CyA-",0.13500124033487956,Pyrimidine metabolism
hsa05200,0.6200858742923905,"1% O2, CyA- vs 19% O2, CyA-",0.2075481618746949,Pathways in cancer
hsa00480,0.7275344558843162,"1% O2, CyA- vs 19% O2, CyA-",0.1381464337563836,Glutathione metabolism
hsa04150,0.00013183779183793105,"1% O2, CyA- vs 19% O2, CyA-",3.8799600796202056,mTOR signaling pathway
hsa05034,0.6184465911048084,"1% O2, CyA- vs 19% O2, CyA-",0.20869779997989338,Alcoholism
hsa04750,0.6823315288019735,"1% O2, CyA- vs 19% O2, CyA-",0.16600456061462868,Inflammatory mediator regulation of TRP channels
hsa04137,0.6341956320619998,"1% O2, CyA- vs 19% O2, CyA-",0.19777675344406623,Mitophagy - animal
hsa05203,0.6614392528940372,"1% O2, CyA- vs 19% O2, CyA-",0.17951003559492645,Viral carcinogenesis
hsa03320,0.698811160013918,"1% O2, CyA- vs 19% O2, CyA-",0.15564016795103974,PPAR signaling pathway
hsa00564,0.692649506199889,"1% O2, CyA- vs 19% O2, CyA-",0.1594864710581983,Glycerophospholipid metabolism
hsa04961,0.6000093875134381,"1% O2, CyA- vs 19% O2, CyA-",0.2218419547607036,Endocrine and other factor-regulated calcium reabsorption
hsa00220,0.6814667732802081,"1% O2, CyA- vs 19% O2, CyA-",0.16655531449231942,Arginine biosynthesis
hsa05168,0.6221243277867474,"1% O2, CyA- vs 19% O2, CyA-",0.20612281550838094,Herpes simplex virus 1 infection
hsa04061,0.0727152848925325,"1% O2, CyA- vs 19% O2, CyA-",1.1383742900108507,Viral protein interaction with cytokine and cytokine receptor
hsa00982,0.7043811591478693,"1% O2, CyA- vs 19% O2, CyA-",0.1521922690982113,Drug metabolism - cytochrome P450
hsa05412,0.6047052180973848,"1% O2, CyA- vs 19% O2, CyA-",0.21845628378181658,Arrhythmogenic right ventricular cardiomyopathy
hsa04924,0.28717987418248475,"1% O2, CyA- vs 19% O2, CyA-",0.5418459991015881,Renin secretion
hsa05143,0.6800759928699124,"1% O2, CyA- vs 19% O2, CyA-",0.1674425557642399,African trypanosomiasis
hsa04960,0.5601333824998344,"1% O2, CyA- vs 19% O2, CyA-",0.25170854373289314,Aldosterone-regulated sodium reabsorption
hsa05162,0.7698323936884091,"1% O2, CyA- vs 19% O2, CyA-",0.1136038182295688,Measles
hsa00730,0.6266521912223102,"1% O2, CyA- vs 19% O2, CyA-",0.20297343738930557,Thiamine metabolism
hsa05030,0.6437816031618095,"1% O2, CyA- vs 19% O2, CyA-",0.19126143796333847,Cocaine addiction
hsa00750,0.6494997210414213,"1% O2, CyA- vs 19% O2, CyA-",0.18742103111935582,Vitamin B6 metabolism
hsa04623,0.6329128564131477,"1% O2, CyA- vs 19% O2, CyA-",0.19865608237478513,Cytosolic DNA-sensing pathway
hsa00650,0.6928558583238431,"1% O2, CyA- vs 19% O2, CyA-",0.15935710657976374,Butanoate metabolism
hsa05010,0.1285126502287836,"1% O2, CyA- vs 19% O2, CyA-",0.8910541201603319,Alzheimer disease
hsa05031,0.37618204488292095,"1% O2, CyA- vs 19% O2, CyA-",0.42460193710664085,Amphetamine addiction
hsa00071,0.7041435863632639,"1% O2, CyA- vs 19% O2, CyA-",0.15233877209819296,Fatty acid degradation
hsa00561,0.566861084756388,"1% O2, CyA- vs 19% O2, CyA-",0.2465233564781929,Glycerolipid metabolism
hsa04614,0.6728174320692718,"1% O2, CyA- vs 19% O2, CyA-",0.17210276490125925,Renin-angiotensin system
hsa04971,0.5661391306820286,"1% O2, CyA- vs 19% O2, CyA-",0.2470768262990195,Gastric acid secretion
hsa04215,0.033115720697534476,"1% O2, CyA- vs 19% O2, CyA-",1.4799657889620585,Apoptosis - multiple species
hsa04080,0.8479738766954232,"1% O2, CyA- vs 19% O2, CyA-",0.07161752673123352,Neuroactive ligand-receptor interaction
hsa05231,0.6441429249330594,"1% O2, CyA- vs 19% O2, CyA-",0.19101775900212747,Choline metabolism in cancer
hsa05166,0.45996446900020266,"1% O2, CyA- vs 19% O2, CyA-",0.3372757150861026,Human T-cell leukemia virus 1 infection
hsa00790,0.6539848377769741,"1% O2, CyA- vs 19% O2, CyA-",0.18443232040069596,Folate biosynthesis
hsa00983,0.6087080939050475,"1% O2, CyA- vs 19% O2, CyA-",0.21559092345657108,Drug metabolism - other enzymes
hsa04721,0.6777482274300002,"1% O2, CyA- vs 19% O2, CyA-",0.16893160959163234,Synaptic vesicle cycle
hsa04218,0.00012989660810552056,"1% O2, CyA- vs 19% O2, CyA-",3.8864021891909304,Cellular senescence
hsa04530,0.4281195908022422,"1% O2, CyA- vs 19% O2, CyA-",0.36843489834499615,Tight junction
hsa04340,0.6533402728894442,"1% O2, CyA- vs 19% O2, CyA-",0.18486057041177836,Hedgehog signaling pathway
hsa04725,0.06378247607315271,"1% O2, CyA- vs 19% O2, CyA-",1.1952986251991433,Cholinergic synapse
hsa04740,0.5841994059389711,"1% O2, CyA- vs 19% O2, CyA-",0.2334388889878678,Olfactory transduction
hsa04152,0.03831712261849166,"1% O2, CyA- vs 19% O2, CyA-",1.416607111227889,AMPK signaling pathway
hsa03460,0.13118516654798446,"1% O2, CyA- vs 19% O2, CyA-",0.8821152690042307,Fanconi anemia pathway
hsa05214,0.23473178384191812,"1% O2, CyA- vs 19% O2, CyA-",0.6294281008036983,Glioma
hsa00440,0.5853029906544273,"1% O2, CyA- vs 19% O2, CyA-",0.23261925681628792,Phosphonate and phosphinate metabolism
hsa04020,0.6463945807690967,"1% O2, CyA- vs 19% O2, CyA-",0.1895022932482339,Calcium signaling pathway
hsa04514,0.4511907700239166,"1% O2, CyA- vs 19% O2, CyA-",0.3456397932638141,Cell adhesion molecules
hsa04613,0.5483762411675921,"1% O2, CyA- vs 19% O2, CyA-",0.26092136962529094,Neutrophil extracellular trap formation
hsa00250,0.6857471338543141,"1% O2, CyA- vs 19% O2, CyA-",0.16383599889493422,"Alanine, aspartate and glutamate metabolism"
hsa04217,0.4752565395600079,"1% O2, CyA- vs 19% O2, CyA-",0.32307189850189755,Necroptosis
hsa04934,0.002120131577189516,"1% O2, CyA- vs 19% O2, CyA-",2.6736371855457133,Cushing syndrome
hsa05140,0.5632061391683154,"1% O2, CyA- vs 19% O2, CyA-",0.2493326198595673,Leishmaniasis
hsa04919,0.45963372093024113,"1% O2, CyA- vs 19% O2, CyA-",0.33758811689256796,Thyroid hormone signaling pathway
hsa04550,0.03664776002258072,"1% O2, CyA- vs 19% O2, CyA-",1.43595256507639,Signaling pathways regulating pluripotency of stem cells
hsa00061,0.6183138055677908,"1% O2, CyA- vs 19% O2, CyA-",0.20879105656601957,Fatty acid biosynthesis
hsa00532,0.6854619317391336,"1% O2, CyA- vs 19% O2, CyA-",0.16401665946631477,Glycosaminoglycan biosynthesis - chondroitin sulfate / dermatan sulfate
hsa04742,0.6410846735972263,"1% O2, CyA- vs 19% O2, CyA-",0.19308460566456936,Taste transduction
hsa04261,0.6752930906211039,"1% O2, CyA- vs 19% O2, CyA-",0.17050769381673306,Adrenergic signaling in cardiomyocytes
hsa04910,0.6470010254307459,"1% O2, CyA- vs 19% O2, CyA-",0.1890950310182214,Insulin signaling pathway
hsa04015,0.5355502776539556,"1% O2, CyA- vs 19% O2, CyA-",0.27119975119498163,Rap1 signaling pathway
hsa05208,0.7327788932164411,"1% O2, CyA- vs 19% O2, CyA-",0.13502704847181735,Chemical carcinogenesis - reactive oxygen species
hsa04914,3.1823944655213635e-05,"1% O2, CyA- vs 19% O2, CyA-",4.497245989497299,Progesterone-mediated oocyte maturation
hsa04130,0.6385670197625825,"1% O2, CyA- vs 19% O2, CyA-",0.1947935153377441,SNARE interactions in vesicular transport
hsa00640,0.3287579777388035,"1% O2, CyA- vs 19% O2, CyA-",0.48312369965533397,Propanoate metabolism
hsa00450,0.6427030808678096,"1% O2, CyA- vs 19% O2, CyA-",0.19198961824631036,Selenocompound metabolism
hsa04621,0.10978353732405266,"1% O2, CyA- vs 19% O2, CyA-",0.9594627799711739,NOD-like receptor signaling pathway
hsa05130,0.6346516921508,"1% O2, CyA- vs 19% O2, CyA-",0.19746455766647833,Pathogenic Escherichia coli infection
hsa04670,0.7132265811731626,"1% O2, CyA- vs 19% O2, CyA-",0.14677247951560168,Leukocyte transendothelial migration
hsa04928,0.6980398840623675,"1% O2, CyA- vs 19% O2, CyA-",0.15611976228608893,"Parathyroid hormone synthesis, secretion and action"
hsa00130,0.6611083680863434,"1% O2, CyA- vs 19% O2, CyA-",0.17972734565143506,Ubiquinone and other terpenoid-quinone biosynthesis
hsa05100,0.5370815835250906,"1% O2, CyA- vs 19% O2, CyA-",0.26995973928444433,Bacterial invasion of epithelial cells
hsa05414,0.7515018116377365,"1% O2, CyA- vs 19% O2, CyA-",0.12406996812654232,Dilated cardiomyopathy
hsa05321,0.710971126238323,"1% O2, CyA- vs 19% O2, CyA-",0.14814803635883336,Inflammatory bowel disease
hsa00051,0.6129006459488261,"1% O2, CyA- vs 19% O2, CyA-",0.2126099209355993,Fructose and mannose metabolism
hsa05230,0.5954554583210301,"1% O2, CyA- vs 19% O2, CyA-",0.22515071936822761,Central carbon metabolism in cancer
hsa04727,0.6317920578986596,"1% O2, CyA- vs 19% O2, CyA-",0.19942583780482737,GABAergic synapse
hsa04630,0.7421938224976691,"1% O2, CyA- vs 19% O2, CyA-",0.12948266473573927,JAK-STAT signaling pathway
hsa00603,0.6729915271310353,"1% O2, CyA- vs 19% O2, CyA-",0.17199040344823824,Glycosphingolipid biosynthesis - globo and isoglobo series
hsa00340,0.6778776737309953,"1% O2, CyA- vs 19% O2, CyA-",0.16884866957942443,Histidine metabolism
hsa04610,0.7054805837774422,"1% O2, CyA- vs 19% O2, CyA-",0.15151493438922628,Complement and coagulation cascades
hsa05205,0.5114719716955205,"1% O2, CyA- vs 19% O2, CyA-",0.29117816033205507,Proteoglycans in cancer
hsa04140,,"1% O2, CyA- vs 19% O2, CyA-",,Autophagy - animal
hsa00010,0.6523891868926017,"1% O2, CyA- vs 19% O2, CyA-",0.1854932458411317,Glycolysis / Gluconeogenesis
hsa04144,0.06983222540769134,"1% O2, CyA- vs 19% O2, CyA-",1.1559441176771523,Endocytosis
hsa01521,0.06215201227261593,"1% O2, CyA- vs 19% O2, CyA-",1.2065448058035793,EGFR tyrosine kinase inhibitor resistance
hsa05415,0.7008480133762822,"1% O2, CyA- vs 19% O2, CyA-",0.15437615337236316,Diabetic cardiomyopathy
hsa05133,0.6719449081363287,"1% O2, CyA- vs 19% O2, CyA-",0.1726663327098616,Pertussis
hsa04620,0.6875223450224648,"1% O2, CyA- vs 19% O2, CyA-",0.16271318235260343,Toll-like receptor signaling pathway
hsa00980,0.6839072625192621,"1% O2, CyA- vs 19% O2, CyA-",0.1650027844007712,Metabolism of xenobiotics by cytochrome P450
hsa01524,0.38608976834125647,"1% O2, CyA- vs 19% O2, CyA-",0.41331170734205086,Platinum drug resistance
hsa00630,0.7094276800578782,"1% O2, CyA- vs 19% O2, CyA-",0.1490918704709663,Glyoxylate and dicarboxylate metabolism
hsa05022,,"1% O2, CyA- vs 19% O2, CyA-",,Pathways of neurodegeneration - multiple diseases
hsa05165,0.6559726824155834,"1% O2, CyA- vs 19% O2, CyA-",0.18311424617799765,Human papillomavirus infection
hsa04330,0.2774611639386695,"1% O2, CyA- vs 19% O2, CyA-",0.5567977962078323,Notch signaling pathway
hsa04927,0.6187148618504358,"1% O2, CyA- vs 19% O2, CyA-",0.20850945187701664,Cortisol synthesis and secretion
hsa01523,0.6307540171574819,"1% O2, CyA- vs 19% O2, CyA-",0.20013997485910484,Antifolate resistance
hsa05323,0.7391574180000514,"1% O2, CyA- vs 19% O2, CyA-",0.13126306026776524,Rheumatoid arthritis
hsa00563,0.6936892155925216,"1% O2, CyA- vs 19% O2, CyA-",0.15883505718716961,Glycosylphosphatidylinositol (GPI)-anchor biosynthesis
hsa04917,0.6626248412812688,"1% O2, CyA- vs 19% O2, CyA-",0.1787322867921949,Prolactin signaling pathway
hsa05135,0.48703621361570765,"1% O2, CyA- vs 19% O2, CyA-",0.31243874558464274,Yersinia infection
hsa04612,0.6155154841564405,"1% O2, CyA- vs 19% O2, CyA-",0.21076101730762198,Antigen processing and presentation
hsa00330,0.7235125978051253,"1% O2, CyA- vs 19% O2, CyA-",0.1405539025413254,Arginine and proline metabolism
hsa05016,0.4163504926473872,"1% O2, CyA- vs 19% O2, CyA-",0.3805409171257381,Huntington disease
hsa04141,0.5125100875640659,"1% O2, CyA- vs 19% O2, CyA-",0.29029758211553536,Protein processing in endoplasmic reticulum
hsa04979,0.6130696161152304,"1% O2, CyA- vs 19% O2, CyA-",0.21249020708345945,Cholesterol metabolism
hsa00670,0.6855349276576641,"1% O2, CyA- vs 19% O2, CyA-",0.16397041322667985,One carbon pool by folate
hsa00260,0.6943187728203375,"1% O2, CyA- vs 19% O2, CyA-",0.15844109223723488,"Glycine, serine and threonine metabolism"
hsa04978,0.13475728042489593,"1% O2, CyA- vs 19% O2, CyA-",0.870447762223262,Mineral absorption
hsa04730,1.4014650850083328e-05,"1% O2, CyA- vs 19% O2, CyA-",4.853417717437837,Long-term depression
hsa04650,0.007392339508283632,"1% O2, CyA- vs 19% O2, CyA-",2.1312180954692,Natural killer cell mediated cytotoxicity
hsa04720,0.33373238422163576,"1% O2, CyA- vs 19% O2, CyA-",0.4766016488850322,Long-term potentiation
hsa00360,0.6422526089050511,"1% O2, CyA- vs 19% O2, CyA-",0.19229412290316353,Phenylalanine metabolism
hsa05020,0.07585206322287731,"1% O2, CyA- vs 19% O2, CyA-",1.1200326016389655,Prion disease
hsa00760,0.6563541476256763,"1% O2, CyA- vs 19% O2, CyA-",0.18286176602342788,Nicotinate and nicotinamide metabolism
hsa05210,0.6198347007440886,"1% O2, CyA- vs 19% O2, CyA-",0.20772411393116663,Colorectal cancer
hsa03018,0.2300329602080699,"1% O2, CyA- vs 19% O2, CyA-",0.6382099317610238,RNA degradation
hsa00410,0.6712975572591091,"1% O2, CyA- vs 19% O2, CyA-",0.17308493313806453,beta-Alanine metabolism
hsa00565,0.6921543540457845,"1% O2, CyA- vs 19% O2, CyA-",0.15979704479873694,Ether lipid metabolism
hsa04350,0.7664614142572233,"1% O2, CyA- vs 19% O2, CyA-",0.11550970381935405,TGF-beta signaling pathway
hsa05150,0.6853326332835308,"1% O2, CyA- vs 19% O2, CyA-",0.16409858801693245,Staphylococcus aureus infection
hsa00120,0.6608210798528308,"1% O2, CyA- vs 19% O2, CyA-",0.17991611169593014,Primary bile acid biosynthesis
hsa04810,0.2030769778053227,"1% O2, CyA- vs 19% O2, CyA-",0.6923393083964361,Regulation of actin cytoskeleton
hsa05144,0.6825028642176361,"1% O2, CyA- vs 19% O2, CyA-",0.16589552170654087,Malaria
hsa04072,0.0007708869098904186,"1% O2, CyA- vs 19% O2, CyA-",3.1130093288400245,Phospholipase D signaling pathway
hsa00910,0.36736603893317155,"1% O2, CyA- vs 19% O2, CyA-",0.43490099442553126,Nitrogen metabolism
hsa00513,0.6570654736103336,"1% O2, CyA- vs 19% O2, CyA-",0.18239135279801225,Various types of N-glycan biosynthesis
hsa05134,0.26117923047490005,"1% O2, CyA- vs 19% O2, CyA-",0.5830613620400781,Legionellosis
hsa04970,0.6120515787700561,"1% O2, CyA- vs 19% O2, CyA-",0.21321197747644738,Salivary secretion
hsa05171,0.6069036746053478,"1% O2, CyA- vs 19% O2, CyA-",0.21688023298902784,Coronavirus disease - COVID-19
hsa05017,0.34033514479577176,"1% O2, CyA- vs 19% O2, CyA-",0.46809320105768604,Spinocerebellar ataxia
hsa04976,0.6266338301053247,"1% O2, CyA- vs 19% O2, CyA-",0.20298616254805346,Bile secretion
hsa04060,0.5525001793509202,"1% O2, CyA- vs 19% O2, CyA-",0.25766757666348095,Cytokine-cytokine receptor interaction
hsa04925,0.5002888018890245,"1% O2, CyA- vs 19% O2, CyA-",0.30077921794855583,Aldosterone synthesis and secretion
hsa00280,0.5139120414747187,"1% O2, CyA- vs 19% O2, CyA-",0.28911120624018793,"Valine, leucine and isoleucine degradation"
hsa00380,0.6995750599898356,"1% O2, CyA- vs 19% O2, CyA-",0.15516568161454466,Tryptophan metabolism
hsa04662,0.5304081210492518,"1% O2, CyA- vs 19% O2, CyA-",0.27538983509371145,B cell receptor signaling pathway
hsa00970,0.7631548897996819,"1% O2, CyA- vs 19% O2, CyA-",0.11738730875742177,Aminoacyl-tRNA biosynthesis
hsa04936,0.6631383891904632,"1% O2, CyA- vs 19% O2, CyA-",0.17839582998122747,Alcoholic liver disease
hsa04923,0.6364326274301112,"1% O2, CyA- vs 19% O2, CyA-",0.1962475638626158,Regulation of lipolysis in adipocytes
hsa05215,0.027753700098565703,"1% O2, CyA- vs 19% O2, CyA-",1.5566791089280645,Prostate cancer
hsa05224,0.00146211902912724,"1% O2, CyA- vs 19% O2, CyA-",2.8350172706141827,Breast cancer
hsa04014,0.3029676469789462,"1% O2, CyA- vs 19% O2, CyA-",0.5186037460478875,Ras signaling pathway
hsa04151,0.4339195406740528,"1% O2, CyA- vs 19% O2, CyA-",0.3625907918716477,PI3K-Akt signaling pathway
hsa05417,0.7255467654461399,"1% O2, CyA- vs 19% O2, CyA-",0.13933458967608142,Lipid and atherosclerosis
hsa04210,0.2819328301068821,"1% O2, CyA- vs 19% O2, CyA-",0.5498543490873076,Apoptosis
hsa04713,0.5484780785125032,"1% O2, CyA- vs 19% O2, CyA-",0.2608407255574688,Circadian entrainment
hsa05120,0.42014426874548305,"1% O2, CyA- vs 19% O2, CyA-",0.3766015563601598,Epithelial cell signaling in Helicobacter pylori infection
hsa00350,0.6970495408079973,"1% O2, CyA- vs 19% O2, CyA-",0.15673635456346136,Tyrosine metabolism
hsa05322,0.6129770051299002,"1% O2, CyA- vs 19% O2, CyA-",0.21255581705174628,Systemic lupus erythematosus
hsa05163,0.6858440403870281,"1% O2, CyA- vs 19% O2, CyA-",0.16377463079447035,Human cytomegalovirus infection
hsa00030,0.5718234055332002,"1% O2, CyA- vs 19% O2, CyA-",0.24273807233255892,Pentose phosphate pathway
hsa00230,0.6936496859883212,"1% O2, CyA- vs 19% O2, CyA-",0.15885980599074045,Purine metabolism
hsa04211,0.10341779110099497,"1% O2, CyA- vs 19% O2, CyA-",0.985404742554027,Longevity regulating pathway
hsa04611,0.6895814812715515,"1% O2, CyA- vs 19% O2, CyA-",0.16141441001624376,Platelet activation
hsa04012,0.5854306583045347,"1% O2, CyA- vs 19% O2, CyA-",0.23252453782323895,ErbB signaling pathway
hsa04728,0.5332765963919814,"1% O2, CyA- vs 19% O2, CyA-",0.2730474755349144,Dopaminergic synapse
hsa05219,0.626875457282962,"1% O2, CyA- vs 19% O2, CyA-",0.20281873283328192,Bladder cancer
hsa00600,0.709678295658242,"1% O2, CyA- vs 19% O2, CyA-",0.14893847674941077,Sphingolipid metabolism
hsa04972,0.6045249345532744,"1% O2, CyA- vs 19% O2, CyA-",0.21858578129524459,Pancreatic secretion
hsa04360,0.11134762560699751,"1% O2, CyA- vs 19% O2, CyA-",0.9533190394900539,Axon guidance
hsa04722,0.3319589568706317,"1% O2, CyA- vs 19% O2, CyA-",0.4789156087853652,Neurotrophin signaling pathway
hsa00512,0.6651098841896609,"1% O2, CyA- vs 19% O2, CyA-",0.17710659807303453,Mucin type O-glycan biosynthesis
hsa04723,0.6888869519252676,"1% O2, CyA- vs 19% O2, CyA-",0.16185204105787018,Retrograde endocannabinoid signaling
hsa00601,0.646782201196834,"1% O2, CyA- vs 19% O2, CyA-",0.18924193995357455,Glycosphingolipid biosynthesis - lacto and neolacto series
hsa05204,0.6778409737623574,"1% O2, CyA- vs 19% O2, CyA-",0.16887218270864016,Chemical carcinogenesis - DNA adducts
hsa04071,0.5222429930219493,"1% O2, CyA- vs 19% O2, CyA-",0.2821273782740623,Sphingolipid signaling pathway
hsa04213,0.01043118798116436,"1% O2, CyA- vs 19% O2, CyA-",1.9816662280754833,Longevity regulating pathway - multiple species
hsa04270,0.41121740940038315,"1% O2, CyA- vs 19% O2, CyA-",0.38592850722661987,Vascular smooth muscle contraction
hsa04918,0.5757680988555476,"1% O2, CyA- vs 19% O2, CyA-",0.2397524014148795,Thyroid hormone synthesis
hsa04657,0.641840244638243,"1% O2, CyA- vs 19% O2, CyA-",0.19257305527362395,IL-17 signaling pathway
hsa00190,0.8771313695775397,"1% O2, CyA- vs 19% O2, CyA-",0.056935356679649794,Oxidative phosphorylation
hsa04622,0.49585512804051474,"1% O2, CyA- vs 19% O2, CyA-",0.3046451910154607,RIG-I-like receptor signaling pathway
hsa00052,0.6159325348312622,"1% O2, CyA- vs 19% O2, CyA-",0.2104668549704693,Galactose metabolism
hsa04973,0.653224213940341,"1% O2, CyA- vs 19% O2, CyA-",0.18493772505942357,Carbohydrate digestion and absorption
hsa00515,0.6881159249492165,"1% O2, CyA- vs 19% O2, CyA-",0.16233839123435245,Mannose type O-glycan biosynthesis
hsa04659,0.5702104006585631,"1% O2, CyA- vs 19% O2, CyA-",0.24396486540707932,Th17 cell differentiation
hsa00270,0.6405714402826552,"1% O2, CyA- vs 19% O2, CyA-",0.19343242815134637,Cysteine and methionine metabolism
hsa04915,0.5984984706604581,"1% O2, CyA- vs 19% O2, CyA-",0.22293695500622981,Estrogen signaling pathway
hsa04216,0.6871324511932804,"1% O2, CyA- vs 19% O2, CyA-",0.16295954055620435,Ferroptosis
hsa04512,0.767713567304223,"1% O2, CyA- vs 19% O2, CyA-",0.11480078432047591,ECM-receptor interaction
hsa04510,0.443917972660393,"1% O2, CyA- vs 19% O2, CyA-",0.3526972715792185,Focal adhesion
hsa04668,0.018013566782407776,"1% O2, CyA- vs 19% O2, CyA-",1.7444002860394767,TNF signaling pathway
hsa05226,0.42977337859835607,"1% O2, CyA- vs 19% O2, CyA-",0.3667604894632453,Gastric cancer
hsa00770,0.6429164020949247,"1% O2, CyA- vs 19% O2, CyA-",0.19184549436846488,Pantothenate and CoA biosynthesis
hsa05131,0.40117702299918107,"1% O2, CyA- vs 19% O2, CyA-",0.39666394870850685,Shigellosis
hsa01522,0.01509812766165217,"1% O2, CyA- vs 19% O2, CyA-",1.8210769067883068,Endocrine resistance
hsa04062,2.427423593271386e-05,"1% O2, CyA- vs 19% O2, CyA-",4.6148544312625335,Chemokine signaling pathway
hsa04911,0.6092847620831081,"1% O2, CyA- vs 19% O2, CyA-",0.21517968323442532,Insulin secretion
hsa00040,0.6926280746908544,"1% O2, CyA- vs 19% O2, CyA-",0.1594999089225537,Pentose and glucuronate interconversions
hsa04930,0.6289301030815977,"1% O2, CyA- vs 19% O2, CyA-",0.20139761772280543,Type II diabetes mellitus
hsa05202,0.30320408406242716,"1% O2, CyA- vs 19% O2, CyA-",0.5182649531922587,Transcriptional misregulation in cancer
hsa05145,0.6251481300658184,"1% O2, CyA- vs 19% O2, CyA-",0.20401706353947324,Toxoplasmosis
hsa04380,0.470416234510695,"1% O2, CyA- vs 19% O2, CyA-",0.32751769875855674,Osteoclast differentiation
hsa04010,0.24827959682945772,"1% O2, CyA- vs 19% O2, CyA-",0.6050589685181693,MAPK signaling pathway
hsa05142,0.6958716582442255,"1% O2, CyA- vs 19% O2, CyA-",0.15747085127448246,Chagas disease
hsa00020,0.673604046472776,"1% O2, CyA- vs 19% O2, CyA-",0.17159531260769523,Citrate cycle (TCA cycle)
hsa04744,0.6242072086486226,"1% O2, CyA- vs 19% O2, CyA-",0.20467122019769443,Phototransduction
hsa04921,0.2987211579792915,"1% O2, CyA- vs 19% O2, CyA-",0.524734015868478,Oxytocin signaling pathway
hsa05225,0.07669490719443289,"19% O2, CyA- vs 1% O2, CyA+",1.1152334737405678,Hepatocellular carcinoma
hsa04962,0.6469298409194587,"19% O2, CyA- vs 1% O2, CyA+",0.1891428157048444,Vasopressin-regulated water reabsorption
hsa03250,0.08091713527225425,"19% O2, CyA- vs 1% O2, CyA+",1.0919595010553986,Viral life cycle - HIV-1
hsa04912,0.6100613566482276,"19% O2, CyA- vs 1% O2, CyA+",0.21462648381921542,GnRH signaling pathway
hsa05218,0.007782054805261431,"19% O2, CyA- vs 1% O2, CyA+",2.1089057149947785,Melanoma
hsa00100,0.582150500465209,"19% O2, CyA- vs 1% O2, CyA+",0.23496472484832132,Steroid biosynthesis
hsa00830,0.6442613761371873,"19% O2, CyA- vs 1% O2, CyA+",0.19093790409256262,Retinol metabolism
hsa00785,0.5856721411532544,"19% O2, CyA- vs 1% O2, CyA+",0.23234543369982946,Lipoic acid metabolism
hsa04964,0.593869020080167,"19% O2, CyA- vs 1% O2, CyA+",0.22630932964663592,Proximal tubule bicarbonate reclamation
hsa04625,0.5296456189276166,"19% O2, CyA- vs 1% O2, CyA+",0.2760146157222583,C-type lectin receptor signaling pathway
hsa05221,0.6776895896458034,"19% O2, CyA- vs 1% O2, CyA+",0.16896918573980052,Acute myeloid leukemia
hsa04145,0.46094772323628685,"19% O2, CyA- vs 1% O2, CyA+",0.33634832579773377,Phagosome
hsa05217,0.0955096485103521,"19% O2, CyA- vs 1% O2, CyA+",1.0199527532000985,Basal cell carcinoma
hsa05223,0.6607435398942224,"19% O2, CyA- vs 1% O2, CyA+",0.17996707428328468,Non-small cell lung cancer
hsa05330,0.6189035551245645,"19% O2, CyA- vs 1% O2, CyA+",0.20837702261249155,Allograft rejection
hsa04022,0.373105151153608,"19% O2, CyA- vs 1% O2, CyA+",0.42816875497379353,cGMP-PKG signaling pathway
hsa00140,0.6590420907853197,"19% O2, CyA- vs 1% O2, CyA+",0.18108684760317284,Steroid hormone biosynthesis
hsa04066,0.56060876519255,"19% O2, CyA- vs 1% O2, CyA+",0.25134011627070557,HIF-1 signaling pathway
hsa04724,0.5320206478768177,"19% O2, CyA- vs 1% O2, CyA+",0.27407151228211024,Glutamatergic synapse
hsa05012,0.6874176811839299,"19% O2, CyA- vs 1% O2, CyA+",0.16277930149489614,Parkinson disease
hsa05146,0.6873472292514438,"19% O2, CyA- vs 1% O2, CyA+",0.1628238136661229,Amoebiasis
hsa05410,0.6596662758243017,"19% O2, CyA- vs 1% O2, CyA+",0.18067571782615047,Hypertrophic cardiomyopathy
hsa00510,0.7115902081860038,"19% O2, CyA- vs 1% O2, CyA+",0.1477700366421382,N-Glycan biosynthesis
hsa04114,0.011430666099349071,"19% O2, CyA- vs 1% O2, CyA+",1.9419284612195185,Oocyte meiosis
hsa04310,0.028886314295922737,"19% O2, CyA- vs 1% O2, CyA+",1.5393078677458525,Wnt signaling pathway
hsa03015,0.2084578472320977,"19% O2, CyA- vs 1% O2, CyA+",0.6809817515549469,mRNA surveillance pathway
hsa03440,0.593214877756494,"19% O2, CyA- vs 1% O2, CyA+",0.2267879654546416,Homologous recombination
hsa05152,0.6058530128647781,"19% O2, CyA- vs 1% O2, CyA+",0.21763272805279152,Tuberculosis
hsa04110,0.6527231708429299,"19% O2, CyA- vs 1% O2, CyA+",0.18527097012827326,Cell cycle
hsa00604,0.6265940711041347,"19% O2, CyA- vs 1% O2, CyA+",0.2030137187727624,Glycosphingolipid biosynthesis - ganglio series
hsa05416,0.467115021635547,"19% O2, CyA- vs 1% O2, CyA+",0.3305761663056048,Viral myocarditis
hsa04664,0.10184026373841709,"19% O2, CyA- vs 1% O2, CyA+",0.9920804846490702,Fc epsilon RI signaling pathway
hsa04929,0.6021025585770613,"19% O2, CyA- vs 1% O2, CyA+",0.2203295272961931,GnRH secretion
hsa04136,0.0032436274605337698,"19% O2, CyA- vs 1% O2, CyA+",2.4889690315031863,Autophagy - other
hsa04660,0.060488662533274284,"19% O2, CyA- vs 1% O2, CyA+",1.2183260180854796,T cell receptor signaling pathway
hsa00310,0.5014358132671122,"19% O2, CyA- vs 1% O2, CyA+",0.2997846513334351,Lysine degradation
hsa04070,0.46607458999972706,"19% O2, CyA- vs 1% O2, CyA+",0.3315445737971275,Phosphatidylinositol signaling system
hsa04726,0.6917652624421688,"19% O2, CyA- vs 1% O2, CyA+",0.1600412502263418,Serotonergic synapse
hsa05332,0.6284340621728847,"19% O2, CyA- vs 1% O2, CyA+",0.20174028350982492,Graft-versus-host disease
hsa04916,0.023598388331078798,"19% O2, CyA- vs 1% O2, CyA+",1.6271176564714191,Melanogenesis
hsa05169,0.6942932149184482,"19% O2, CyA- vs 1% O2, CyA+",0.1584570789287784,Epstein-Barr virus infection
hsa00900,0.5541773463606765,"19% O2, CyA- vs 1% O2, CyA+",0.25635123126334375,Terpenoid backbone biosynthesis
hsa00591,0.5959943487051257,"19% O2, CyA- vs 1% O2, CyA+",0.22475785827623268,Linoleic acid metabolism
hsa04024,0.6332143891646338,"19% O2, CyA- vs 1% O2, CyA+",0.19844922478915666,cAMP signaling pathway
hsa04068,0.3053641568414701,"19% O2, CyA- vs 1% O2, CyA+",0.5151819410828473,FoxO signaling pathway
hsa00520,0.6720000806783959,"19% O2, CyA- vs 1% O2, CyA+",0.17263067480602587,Amino sugar and nucleotide sugar metabolism
hsa00860,0.6712208286605839,"19% O2, CyA- vs 1% O2, CyA+",0.17313457537362636,Porphyrin metabolism
hsa04922,0.20674066113900585,"19% O2, CyA- vs 1% O2, CyA+",0.6845740992235416,Glucagon signaling pathway
hsa04926,0.7358155750964455,"19% O2, CyA- vs 1% O2, CyA+",0.13323102364426148,Relaxin signaling pathway
hsa04370,0.4673860106604002,"19% O2, CyA- vs 1% O2, CyA+",0.33032429062568236,VEGF signaling pathway
hsa05213,0.4560121257177764,"19% O2, CyA- vs 1% O2, CyA+",0.3410236089533205,Endometrial cancer
hsa04520,0.25237157456702897,"19% O2, CyA- vs 1% O2, CyA+",0.5979595626762718,Adherens junction
hsa05110,0.6975817172238821,"19% O2, CyA- vs 1% O2, CyA+",0.15640491026131392,Vibrio cholerae infection
hsa00430,0.5703661435383689,"19% O2, CyA- vs 1% O2, CyA+",0.2438462617516563,Taurine and hypotaurine metabolism
hsa05220,0.6643983083445122,"19% O2, CyA- vs 1% O2, CyA+",0.17757148199664993,Chronic myeloid leukemia
hsa05235,0.583495484298504,"19% O2, CyA- vs 1% O2, CyA+",0.23396250063288748,PD-L1 expression and PD-1 checkpoint pathway in cancer
hsa05207,0.5220593438398882,"19% O2, CyA- vs 1% O2, CyA+",0.28228012681130504,Chemical carcinogenesis - receptor activation
hsa05418,0.7115343741035239,"19% O2, CyA- vs 1% O2, CyA+",0.14780411438099164,Fluid shear stress and atherosclerosis
hsa00920,0.6122580968565121,"19% O2, CyA- vs 1% O2, CyA+",0.21306546280291788,Sulfur metabolism
hsa04931,0.3953761501324233,"19% O2, CyA- vs 1% O2, CyA+",0.40298953173018626,Insulin resistance
hsa00500,0.6349345381262894,"19% O2, CyA- vs 1% O2, CyA+",0.19727104824508346,Starch and sucrose metabolism
hsa05216,0.6689498954983448,"19% O2, CyA- vs 1% O2, CyA+",0.17460640977101932,Thyroid cancer
hsa00740,0.6056481398166527,"19% O2, CyA- vs 1% O2, CyA+",0.21777961232928236,Riboflavin metabolism
hsa00062,0.6468932372367511,"19% O2, CyA- vs 1% O2, CyA+",0.1891673890451873,Fatty acid elongation
hsa04390,0.4888219574302068,"19% O2, CyA- vs 1% O2, CyA+",0.31084929422090635,Hippo signaling pathway
hsa04064,0.46232695726915457,"19% O2, CyA- vs 1% O2, CyA+",0.3350507830665296,NF-kappa B signaling pathway
hsa04975,0.633786635436994,"19% O2, CyA- vs 1% O2, CyA+",0.19805692295127494,Fat digestion and absorption
hsa04932,0.6277174134421706,"19% O2, CyA- vs 1% O2, CyA+",0.20223582346503158,Non-alcoholic fatty liver disease
hsa05222,0.6296551397547829,"19% O2, CyA- vs 1% O2, CyA+",0.2008972472267011,Small cell lung cancer
hsa05320,0.6261972477237654,"19% O2, CyA- vs 1% O2, CyA+",0.20328884553578858,Autoimmune thyroid disease
hsa04115,0.6152039131705903,"19% O2, CyA- vs 1% O2, CyA+",0.2109809107505312,p53 signaling pathway
hsa04710,0.08890527440575391,"19% O2, CyA- vs 1% O2, CyA+",1.051072473255148,Circadian rhythm
hsa05206,0.5136468460969964,"19% O2, CyA- vs 1% O2, CyA+",0.2893353742039341,MicroRNAs in cancer
hsa05032,0.7016795167635195,"19% O2, CyA- vs 1% O2, CyA+",0.15386120109184148,Morphine addiction
hsa00620,0.6476293232089223,"19% O2, CyA- vs 1% O2, CyA+",0.18867349558957458,Pyruvate metabolism
hsa05132,0.456938791958788,"19% O2, CyA- vs 1% O2, CyA+",0.34014197081603426,Salmonella infection
hsa00053,0.5862741968914693,"19% O2, CyA- vs 1% O2, CyA+",0.23189921956967954,Ascorbate and aldarate metabolism
hsa04658,0.42108878564001156,"19% O2, CyA- vs 1% O2, CyA+",0.3756263244774158,Th1 and Th2 cell differentiation
hsa05014,,"19% O2, CyA- vs 1% O2, CyA+",,Amyotrophic lateral sclerosis
hsa04933,0.6931252415491249,"19% O2, CyA- vs 1% O2, CyA+",0.15918828515825792,AGE-RAGE signaling pathway in diabetic complications
hsa00531,0.6272318016495717,"19% O2, CyA- vs 1% O2, CyA+",0.20257193034467738,Glycosaminoglycan degradation
hsa04714,0.5169517852711621,"19% O2, CyA- vs 1% O2, CyA+",0.2865499605175299,Thermogenesis
hsa00592,0.6472470500478613,"19% O2, CyA- vs 1% O2, CyA+",0.18892992026868746,alpha-Linolenic acid metabolism
hsa05170,0.6676297539097585,"19% O2, CyA- vs 1% O2, CyA+",0.17546431658404946,Human immunodeficiency virus 1 infection
hsa05160,0.7847240995622831,"19% O2, CyA- vs 1% O2, CyA+",0.10528300962321623,Hepatitis C
hsa04392,0.6125991380009661,"19% O2, CyA- vs 1% O2, CyA+",0.21282361863242882,Hippo signaling pathway - multiple species
hsa04666,0.5830062053461823,"19% O2, CyA- vs 1% O2, CyA+",0.23432682271394797,Fc gamma R-mediated phagocytosis
hsa04920,0.6652446400559453,"19% O2, CyA- vs 1% O2, CyA+",0.17701861591750384,Adipocytokine signaling pathway
hsa04940,0.6353881449736556,"19% O2, CyA- vs 1% O2, CyA+",0.19696089246851056,Type I diabetes mellitus
hsa04672,0.6765066121442603,"19% O2, CyA- vs 1% O2, CyA+",0.16972795427148427,Intestinal immune network for IgA production
hsa00780,0.5843875752878609,"19% O2, CyA- vs 1% O2, CyA+",0.2332990262101622,Biotin metabolism
hsa00590,0.6391087814408876,"19% O2, CyA- vs 1% O2, CyA+",0.1944252151456706,Arachidonic acid metabolism
hsa05161,0.6434567541735358,"19% O2, CyA- vs 1% O2, CyA+",0.1914806361021294,Hepatitis B
hsa04540,0.6712449593425006,"19% O2, CyA- vs 1% O2, CyA+",0.17311896257798448,Gap junction
hsa04913,0.325040623203255,"19% O2, CyA- vs 1% O2, CyA+",0.4880623580042042,Ovarian steroidogenesis
hsa05212,0.6860313669987099,"19% O2, CyA- vs 1% O2, CyA+",0.16365602685444097,Pancreatic cancer
hsa05211,0.61518853310983,"19% O2, CyA- vs 1% O2, CyA+",0.21099176822212906,Renal cell carcinoma
hsa04371,0.5759910981556486,"19% O2, CyA- vs 1% O2, CyA+",0.23958422847219552,Apelin signaling pathway
hsa05164,0.757955463612459,"19% O2, CyA- vs 1% O2, CyA+",0.12035631214577408,Influenza A
hsa04146,0.7506840703341771,"19% O2, CyA- vs 1% O2, CyA+",0.1245427998514343,Peroxisome
hsa04122,0.5936034555043569,"19% O2, CyA- vs 1% O2, CyA+",0.22650357959205764,Sulfur relay system
hsa05167,0.6474658059324881,"19% O2, CyA- vs 1% O2, CyA+",0.18878316267059533,Kaposi sarcoma-associated herpesvirus infection
hsa00562,0.6117971567343057,"19% O2, CyA- vs 1% O2, CyA+",0.21339254568653293,Inositol phosphate metabolism
hsa04935,0.6213057512032281,"19% O2, CyA- vs 1% O2, CyA+",0.20669462626091364,"Growth hormone synthesis, secretion and action"
hsa00240,0.7318998886939203,"19% O2, CyA- vs 1% O2, CyA+",0.13554831888857186,Pyrimidine metabolism
hsa05200,0.5689764819981566,"19% O2, CyA- vs 1% O2, CyA+",0.2449056843070549,Pathways in cancer
hsa00480,0.66320409548956,"19% O2, CyA- vs 1% O2, CyA+",0.17835280054731126,Glutathione metabolism
hsa04150,0.0004600604799206843,"19% O2, CyA- vs 1% O2, CyA+",3.3371850718635074,mTOR signaling pathway
hsa05034,0.6384843226953643,"19% O2, CyA- vs 1% O2, CyA+",0.19484976190954367,Alcoholism
hsa04750,0.6985965522227112,"19% O2, CyA- vs 1% O2, CyA+",0.15577356206273832,Inflammatory mediator regulation of TRP channels
hsa04137,0.6718864237583274,"19% O2, CyA- vs 1% O2, CyA+",0.17270413424351647,Mitophagy - animal
hsa05203,0.748033041174925,"19% O2, CyA- vs 1% O2, CyA+",0.1260792186020833,Viral carcinogenesis
hsa03320,0.6731405324088707,"19% O2, CyA- vs 1% O2, CyA+",0.1718942580964593,PPAR signaling pathway
hsa00564,0.6068948787168209,"19% O2, CyA- vs 1% O2, CyA+",0.21688652728858895,Glycerophospholipid metabolism
hsa04961,0.6217952249520069,"19% O2, CyA- vs 1% O2, CyA+",0.20635261742463296,Endocrine and other factor-regulated calcium reabsorption
hsa00220,0.6559106717035518,"19% O2, CyA- vs 1% O2, CyA+",0.18315530304481392,Arginine biosynthesis
hsa05168,0.619906574587991,"19% O2, CyA- vs 1% O2, CyA+",0.20767375759560527,Herpes simplex virus 1 infection
hsa04061,0.11003469890114098,"19% O2, CyA- vs 1% O2, CyA+",0.9584703406145844,Viral protein interaction with cytokine and cytokine receptor
hsa00982,0.656947478929301,"19% O2, CyA- vs 1% O2, CyA+",0.18246934965322603,Drug metabolism - cytochrome P450
hsa05412,0.6200764187131079,"19% O2, CyA- vs 1% O2, CyA+",0.20755478440455066,Arrhythmogenic right ventricular cardiomyopathy
hsa04924,0.1853946272978812,"19% O2, CyA- vs 1% O2, CyA+",0.7319028557831754,Renin secretion
hsa05143,0.6639527603209027,"19% O2, CyA- vs 1% O2, CyA+",0.17786281921901137,African trypanosomiasis
hsa04960,0.5691657432219565,"19% O2, CyA- vs 1% O2, CyA+",0.24476124698793822,Aldosterone-regulated sodium reabsorption
hsa05162,0.7365943339019398,"19% O2, CyA- vs 1% O2, CyA+",0.1327716261878474,Measles
hsa00730,0.5941538571045138,"19% O2, CyA- vs 1% O2, CyA+",0.2261010791951311,Thiamine metabolism
hsa05030,0.6301769705964912,"19% O2, CyA- vs 1% O2, CyA+",0.20053747187863777,Cocaine addiction
hsa00750,0.602333346795475,"19% O2, CyA- vs 1% O2, CyA+",0.22016309245225502,Vitamin B6 metabolism
hsa04623,0.6464689550462861,"19% O2, CyA- vs 1% O2, CyA+",0.1894523261212793,Cytosolic DNA-sensing pathway
hsa00650,0.6431420017038738,"19% O2, CyA- vs 1% O2, CyA+",0.19169312700163035,Butanoate metabolism
hsa05010,0.14943745174700862,"19% O2, CyA- vs 1% O2, CyA+",0.8255405467727641,Alzheimer disease
hsa05031,0.4032205300860925,"19% O2, CyA- vs 1% O2, CyA+",0.3944573637745446,Amphetamine addiction
hsa00071,0.6717692463980848,"19% O2, CyA- vs 1% O2, CyA+",0.1727798820444102,Fatty acid degradation
hsa00561,0.45466354209742366,"19% O2, CyA- vs 1% O2, CyA+",0.34230986897657034,Glycerolipid metabolism
hsa04614,0.6253923044519082,"19% O2, CyA- vs 1% O2, CyA+",0.20384746712032276,Renin-angiotensin system
hsa04971,0.6282062776709278,"19% O2, CyA- vs 1% O2, CyA+",0.20189772800720385,Gastric acid secretion
hsa04215,0.006849154505184424,"19% O2, CyA- vs 1% O2, CyA+",2.16436303674058,Apoptosis - multiple species
hsa04080,0.7963551427299044,"19% O2, CyA- vs 1% O2, CyA+",0.09889321099211422,Neuroactive ligand-receptor interaction
hsa05231,0.6442910095569092,"19% O2, CyA- vs 1% O2, CyA+",0.1909179287608488,Choline metabolism in cancer
hsa05166,0.5269684977755817,"19% O2, CyA- vs 1% O2, CyA+",0.2782153461748487,Human T-cell leukemia virus 1 infection
hsa00790,0.6350161609978517,"19% O2, CyA- vs 1% O2, CyA+",0.1972152218845958,Folate biosynthesis
hsa00983,0.6188748935242205,"19% O2, CyA- vs 1% O2, CyA+",0.20839713537966362,Drug metabolism - other enzymes
hsa04721,0.6260616462616456,"19% O2, CyA- vs 1% O2, CyA+",0.20338290111367213,Synaptic vesicle cycle
hsa04218,0.0013370349844352286,"19% O2, CyA- vs 1% O2, CyA+",2.8738572289770614,Cellular senescence
hsa04530,0.47366131834270664,"19% O2, CyA- vs 1% O2, CyA+",0.32453208057972993,Tight junction
hsa04340,0.6839570566153574,"19% O2, CyA- vs 1% O2, CyA+",0.16497116532734032,Hedgehog signaling pathway
hsa04725,0.027915345637970452,"19% O2, CyA- vs 1% O2, CyA+",1.5541569904990613,Cholinergic synapse
hsa04740,0.6104645280098143,"19% O2, CyA- vs 1% O2, CyA+",0.21433956634181,Olfactory transduction
hsa04152,0.04682534651092301,"19% O2, CyA- vs 1% O2, CyA+",1.3295190001305153,AMPK signaling pathway
hsa03460,0.2399545901422233,"19% O2, CyA- vs 1% O2, CyA+",0.6198709379408874,Fanconi anemia pathway
hsa05214,0.22290641873305778,"19% O2, CyA- vs 1% O2, CyA+",0.651877425552011,Glioma
hsa00440,0.554547749550541,"19% O2, CyA- vs 1% O2, CyA+",0.256061052808801,Phosphonate and phosphinate metabolism
hsa04020,0.6326683891274527,"19% O2, CyA- vs 1% O2, CyA+",0.19882386424557028,Calcium signaling pathway
hsa04514,0.505626775779147,"19% O2, CyA- vs 1% O2, CyA+",0.2961699357833699,Cell adhesion molecules
hsa04613,0.5241580763029965,"19% O2, CyA- vs 1% O2, CyA+",0.2805377181440616,Neutrophil extracellular trap formation
hsa00250,0.6489249579869586,"19% O2, CyA- vs 1% O2, CyA+",0.18780552233134645,"Alanine, aspartate and glutamate metabolism"
hsa04217,0.5791266378963158,"19% O2, CyA- vs 1% O2, CyA+",0.23722645850762974,Necroptosis
hsa04934,0.0013373779528378412,"19% O2, CyA- vs 1% O2, CyA+",2.8737458405796583,Cushing syndrome
hsa05140,0.5366550027405201,"19% O2, CyA- vs 1% O2, CyA+",0.27030481775702625,Leishmaniasis
hsa04919,0.5241466569184721,"19% O2, CyA- vs 1% O2, CyA+",0.2805471798502405,Thyroid hormone signaling pathway
hsa04550,0.013915306267888651,"19% O2, CyA- vs 1% O2, CyA+",1.8565072306529513,Signaling pathways regulating pluripotency of stem cells
hsa00061,0.5736992553128083,"19% O2, CyA- vs 1% O2, CyA+",0.24131571385077846,Fatty acid biosynthesis
hsa00532,0.6582614667110772,"19% O2, CyA- vs 1% O2, CyA+",0.18160156688050152,Glycosaminoglycan biosynthesis - chondroitin sulfate / dermatan sulfate
hsa04742,0.6096119396848703,"19% O2, CyA- vs 1% O2, CyA+",0.21494653561780763,Taste transduction
hsa04261,0.6776797303006348,"19% O2, CyA- vs 1% O2, CyA+",0.16897550410504453,Adrenergic signaling in cardiomyocytes
hsa04910,0.6751218087602153,"19% O2, CyA- vs 1% O2, CyA+",0.17061786257667047,Insulin signaling pathway
hsa04015,0.5194477879849407,"19% O2, CyA- vs 1% O2, CyA+",0.2844580987893705,Rap1 signaling pathway
hsa05208,0.7363903679608483,"19% O2, CyA- vs 1% O2, CyA+",0.13289190073403434,Chemical carcinogenesis - reactive oxygen species
hsa04914,1.0661121542928667e-05,"19% O2, CyA- vs 1% O2, CyA+",4.972197105414137,Progesterone-mediated oocyte maturation
hsa04130,0.6247551403714062,"19% O2, CyA- vs 1% O2, CyA+",0.20429016189098398,SNARE interactions in vesicular transport
hsa00640,0.2200426957280439,"19% O2, CyA- vs 1% O2, CyA+",0.6574930431776306,Propanoate metabolism
hsa00450,0.6335061701388872,"19% O2, CyA- vs 1% O2, CyA+",0.19824915087648023,Selenocompound metabolism
hsa04621,0.1023373752202894,"19% O2, CyA- vs 1% O2, CyA+",0.9899657261362583,NOD-like receptor signaling pathway
hsa05130,0.6073481497975142,"19% O2, CyA- vs 1% O2, CyA+",0.21656228719221213,Pathogenic Escherichia coli infection
hsa04670,0.6858499652437321,"19% O2, CyA- vs 1% O2, CyA+",0.16377087903560567,Leukocyte transendothelial migration
hsa04928,0.6667835014409688,"19% O2, CyA- vs 1% O2, CyA+",0.17601515467755413,"Parathyroid hormone synthesis, secretion and action"
hsa00130,0.6429827743343991,"19% O2, CyA- vs 1% O2, CyA+",0.19180066177519586,Ubiquinone and other terpenoid-quinone biosynthesis
hsa05100,0.5240481492777204,"19% O2, CyA- vs 1% O2, CyA+",0.2806288084266785,Bacterial invasion of epithelial cells
hsa05414,0.7164715524471005,"19% O2, CyA- vs 1% O2, CyA+",0.14480104861697182,Dilated cardiomyopathy
hsa05321,0.6882770671181933,"19% O2, CyA- vs 1% O2, CyA+",0.1622367005754903,Inflammatory bowel disease
hsa00051,0.6021572417913773,"19% O2, CyA- vs 1% O2, CyA+",0.22029008627484667,Fructose and mannose metabolism
hsa05230,0.6337255323033474,"19% O2, CyA- vs 1% O2, CyA+",0.19809879513911766,Central carbon metabolism in cancer
hsa04727,0.5968049147684762,"19% O2, CyA- vs 1% O2, CyA+",0.2241676090473845,GABAergic synapse
hsa04630,0.7461349546182352,"19% O2, CyA- vs 1% O2, CyA+",0.1271826138875978,JAK-STAT signaling pathway
hsa00603,0.6311361149671146,"19% O2, CyA- vs 1% O2, CyA+",0.19987696784903655,Glycosphingolipid biosynthesis - globo and isoglobo series
hsa00340,0.6418770050241387,"19% O2, CyA- vs 1% O2, CyA+",0.19254818245563274,Histidine metabolism
hsa04610,0.6834935826187065,"19% O2, CyA- vs 1% O2, CyA+",0.16526555870606066,Complement and coagulation cascades
hsa05205,0.5130743529266909,"19% O2, CyA- vs 1% O2, CyA+",0.28981969390200735,Proteoglycans in cancer
hsa04140,,"19% O2, CyA- vs 1% O2, CyA+",,Autophagy - animal
hsa00010,0.6580923255227612,"19% O2, CyA- vs 1% O2, CyA+",0.1817131737837305,Glycolysis / Gluconeogenesis
hsa04144,0.11419584133796679,"19% O2, CyA- vs 1% O2, CyA+",0.9423497114742228,Endocytosis
hsa01521,0.08686878535403059,"19% O2, CyA- vs 1% O2, CyA+",1.0611362509830413,EGFR tyrosine kinase inhibitor resistance
hsa05415,0.7239375261519263,"19% O2, CyA- vs 1% O2, CyA+",0.14029891062351485,Diabetic cardiomyopathy
hsa05133,0.6507500777893741,"19% O2, CyA- vs 1% O2, CyA+",0.18658577130402224,Pertussis
hsa04620,0.6821738134439386,"19% O2, CyA- vs 1% O2, CyA+",0.1661049558390229,Toll-like receptor signaling pathway
hsa00980,0.6515936754724854,"19% O2, CyA- vs 1% O2, CyA+",0.18602313971148757,Metabolism of xenobiotics by cytochrome P450
hsa01524,0.2816296603748125,"19% O2, CyA- vs 1% O2, CyA+",0.5503216085541551,Platinum drug resistance
hsa00630,0.6760362116966725,"19% O2, CyA- vs 1% O2, CyA+",0.17003004056895019,Glyoxylate and dicarboxylate metabolism
hsa05022,,"19% O2, CyA- vs 1% O2, CyA+",,Pathways of neurodegeneration - multiple diseases
hsa05165,0.6887302344235245,"19% O2, CyA- vs 1% O2, CyA+",0.16195085159419728,Human papillomavirus infection
hsa04330,0.3314505199193359,"19% O2, CyA- vs 1% O2, CyA+",0.4795812954036647,Notch signaling pathway
hsa04927,0.5982525936007353,"19% O2, CyA- vs 1% O2, CyA+",0.2231154099162868,Cortisol synthesis and secretion
hsa01523,0.6504892490090257,"19% O2, CyA- vs 1% O2, CyA+",0.1867598768650994,Antifolate resistance
hsa05323,0.6845523576522614,"19% O2, CyA- vs 1% O2, CyA+",0.1645933294586055,Rheumatoid arthritis
hsa00563,0.6693150392919982,"19% O2, CyA- vs 1% O2, CyA+",0.17436941643061626,Glycosylphosphatidylinositol (GPI)-anchor biosynthesis
hsa04917,0.6281166569118309,"19% O2, CyA- vs 1% O2, CyA+",0.20195968946652992,Prolactin signaling pathway
hsa05135,0.4944003939955067,"19% O2, CyA- vs 1% O2, CyA+",0.3059211918229495,Yersinia infection
hsa04612,0.6669827638840694,"19% O2, CyA- vs 1% O2, CyA+",0.17588538894215833,Antigen processing and presentation
hsa00330,0.695391120892395,"19% O2, CyA- vs 1% O2, CyA+",0.15777085891024617,Arginine and proline metabolism
hsa05016,0.4788494857417987,"19% O2, CyA- vs 1% O2, CyA+",0.31980097465228996,Huntington disease
hsa04141,0.5015293742067629,"19% O2, CyA- vs 1% O2, CyA+",0.2997036255900946,Protein processing in endoplasmic reticulum
hsa04979,0.5960064326112535,"19% O2, CyA- vs 1% O2, CyA+",0.22474905295691816,Cholesterol metabolism
hsa00670,0.6511670572487631,"19% O2, CyA- vs 1% O2, CyA+",0.18630757866088374,One carbon pool by folate
hsa00260,0.6449239920577887,"19% O2, CyA- vs 1% O2, CyA+",0.19049146641125067,"Glycine, serine and threonine metabolism"
hsa04978,0.07590898823293657,"19% O2, CyA- vs 1% O2, CyA+",1.119706797110421,Mineral absorption
hsa04730,7.815364689298708e-07,"19% O2, CyA- vs 1% O2, CyA+",6.107050751636519,Long-term depression
hsa04650,0.0002457520817447608,"19% O2, CyA- vs 1% O2, CyA+",3.6095027946090186,Natural killer cell mediated cytotoxicity
hsa04720,0.3778821899993733,"19% O2, CyA- vs 1% O2, CyA+",0.42264357637424366,Long-term potentiation
hsa00360,0.6067184225299563,"19% O2, CyA- vs 1% O2, CyA+",0.21701281784376708,Phenylalanine metabolism
hsa05020,0.0499538090958297,"19% O2, CyA- vs 1% O2, CyA+",1.301431390196211,Prion disease
hsa00760,0.658003871946162,"19% O2, CyA- vs 1% O2, CyA+",0.18177155082387905,Nicotinate and nicotinamide metabolism
hsa05210,0.5764875818284962,"19% O2, CyA- vs 1% O2, CyA+",0.23921004344551128,Colorectal cancer
hsa03018,0.27962185768847886,"19% O2, CyA- vs 1% O2, CyA+",0.5534288833467114,RNA degradation
hsa00410,0.6444865313402329,"19% O2, CyA- vs 1% O2, CyA+",0.1907861542232793,beta-Alanine metabolism
hsa00565,0.6655514208606464,"19% O2, CyA- vs 1% O2, CyA+",0.17681838506785158,Ether lipid metabolism
hsa04350,0.7355519157741641,"19% O2, CyA- vs 1% O2, CyA+",0.1333866690431237,TGF-beta signaling pathway
hsa05150,0.6676791492509591,"19% O2, CyA- vs 1% O2, CyA+",0.17543218600501398,Staphylococcus aureus infection
hsa00120,0.6384920594660377,"19% O2, CyA- vs 1% O2, CyA+",0.194844499420968,Primary bile acid biosynthesis
hsa04810,0.28539027616322943,"19% O2, CyA- vs 1% O2, CyA+",0.5445608282802187,Regulation of actin cytoskeleton
hsa05144,0.6624934194046268,"19% O2, CyA- vs 1% O2, CyA+",0.17881843124844074,Malaria
hsa04072,0.002652273116007027,"19% O2, CyA- vs 1% O2, CyA+",2.576381756787805,Phospholipase D signaling pathway
hsa00910,0.4774202399433859,"19% O2, CyA- vs 1% O2, CyA+",0.32109917328611703,Nitrogen metabolism
hsa00513,0.6493162752535584,"19% O2, CyA- vs 1% O2, CyA+",0.1875437113052394,Various types of N-glycan biosynthesis
hsa05134,0.3579891205779737,"19% O2, CyA- vs 1% O2, CyA+",0.4461301715258097,Legionellosis
hsa04970,0.64018986815891,"19% O2, CyA- vs 1% O2, CyA+",0.19369120341509205,Salivary secretion
hsa05171,0.5741466301291659,"19% O2, CyA- vs 1% O2, CyA+",0.2409771798604774,Coronavirus disease - COVID-19
hsa05017,0.4074403999327853,"19% O2, CyA- vs 1% O2, CyA+",0.38993591053962284,Spinocerebellar ataxia
hsa04976,0.6358299443680984,"19% O2, CyA- vs 1% O2, CyA+",0.19665902287044804,Bile secretion
hsa04060,0.506173312661848,"19% O2, CyA- vs 1% O2, CyA+",0.2957007561932308,Cytokine-cytokine receptor interaction
hsa04925,0.5946257397937759,"19% O2, CyA- vs 1% O2, CyA+",0.22575629525141166,Aldosterone synthesis and secretion
hsa00280,0.40456888817634523,"19% O2, CyA- vs 1% O2, CyA+",0.3930075180379142,"Valine, leucine and isoleucine degradation"
hsa00380,0.6762467637276126,"19% O2, CyA- vs 1% O2, CyA+",0.16989480025669076,Tryptophan metabolism
hsa04662,0.5468785298014949,"19% O2, CyA- vs 1% O2, CyA+",0.2621091264914599,B cell receptor signaling pathway
hsa00970,0.7484161142705006,"19% O2, CyA- vs 1% O2, CyA+",0.12585687020541014,Aminoacyl-tRNA biosynthesis
hsa04936,0.6508869294984039,"19% O2, CyA- vs 1% O2, CyA+",0.18649444946551136,Alcoholic liver disease
hsa04923,0.625528006164952,"19% O2, CyA- vs 1% O2, CyA+",0.20375324128532635,Regulation of lipolysis in adipocytes
hsa05215,0.07320310286048647,"19% O2, CyA- vs 1% O2, CyA+",1.1354705101078981,Prostate cancer
hsa05224,5.4076954342336665e-05,"19% O2, CyA- vs 1% O2, CyA+",4.26698777619298,Breast cancer
hsa04014,0.345219921249576,"19% O2, CyA- vs 1% O2, CyA+",0.46190415085042114,Ras signaling pathway
hsa04151,0.5515500029069733,"19% O2, CyA- vs 1% O2, CyA+",0.25841510878648444,PI3K-Akt signaling pathway
hsa05417,0.7255197017143696,"19% O2, CyA- vs 1% O2, CyA+",0.13935078966365594,Lipid and atherosclerosis
hsa04210,0.342300521963297,"19% O2, CyA- vs 1% O2, CyA+",0.4655924386196256,Apoptosis
hsa04713,0.5433109816478631,"19% O2, CyA- vs 1% O2, CyA+",0.2649515167206147,Circadian entrainment
hsa05120,0.4145040425628822,"19% O2, CyA- vs 1% O2, CyA+",0.38247122951855406,Epithelial cell signaling in Helicobacter pylori infection
hsa00350,0.6692561549271862,"19% O2, CyA- vs 1% O2, CyA+",0.17440762606016036,Tyrosine metabolism
hsa05322,0.649867207054972,"19% O2, CyA- vs 1% O2, CyA+",0.18717537741112925,Systemic lupus erythematosus
hsa05163,0.6344890997427421,"19% O2, CyA- vs 1% O2, CyA+",0.19757583450267527,Human cytomegalovirus infection
hsa00030,0.5375599392607385,"19% O2, CyA- vs 1% O2, CyA+",0.2695731038051801,Pentose phosphate pathway
hsa00230,0.6810812184845634,"19% O2, CyA- vs 1% O2, CyA+",0.1668010956694977,Purine metabolism
hsa04211,0.15740760396204762,"19% O2, CyA- vs 1% O2, CyA+",0.8029742918054656,Longevity regulating pathway
hsa04611,0.6499523519736854,"19% O2, CyA- vs 1% O2, CyA+",0.18711848033159947,Platelet activation
hsa04012,0.5314509002933021,"19% O2, CyA- vs 1% O2, CyA+",0.2745368529030184,ErbB signaling pathway
hsa04728,0.5592089691399236,"19% O2, CyA- vs 1% O2, CyA+",0.2524258715672066,Dopaminergic synapse
hsa05219,0.6397886673731269,"19% O2, CyA- vs 1% O2, CyA+",0.19396345687602148,Bladder cancer
hsa00600,0.704676976566116,"19% O2, CyA- vs 1% O2, CyA+",0.15200991768058464,Sphingolipid metabolism
hsa04972,0.6503415229292715,"19% O2, CyA- vs 1% O2, CyA+",0.18685851632371347,Pancreatic secretion
hsa04360,0.04565456604546693,"19% O2, CyA- vs 1% O2, CyA+",1.340515780907691,Axon guidance
hsa04722,0.41154740308245186,"19% O2, CyA- vs 1% O2, CyA+",0.38558013442142514,Neurotrophin signaling pathway
hsa00512,0.6324244637688461,"19% O2, CyA- vs 1% O2, CyA+",0.19899133881205663,Mucin type O-glycan biosynthesis
hsa04723,0.6781278850001125,"19% O2, CyA- vs 1% O2, CyA+",0.16868839682239745,Retrograde endocannabinoid signaling
hsa00601,0.6332134354129597,"19% O2, CyA- vs 1% O2, CyA+",0.1984498789268519,Glycosphingolipid biosynthesis - lacto and neolacto series
hsa05204,0.6827010896189989,"19% O2, CyA- vs 1% O2, CyA+",0.16576940399592632,Chemical carcinogenesis - DNA adducts
hsa04071,0.4349550389406425,"19% O2, CyA- vs 1% O2, CyA+",0.36155563350319747,Sphingolipid signaling pathway
hsa04213,0.017884806430884147,"19% O2, CyA- vs 1% O2, CyA+",1.7475157559038184,Longevity regulating pathway - multiple species
hsa04270,0.41983616595741136,"19% O2, CyA- vs 1% O2, CyA+",0.3769201527016727,Vascular smooth muscle contraction
hsa04918,0.6459309712942227,"19% O2, CyA- vs 1% O2, CyA+",0.18981389127399703,Thyroid hormone synthesis
hsa04657,0.610460353261938,"19% O2, CyA- vs 1% O2, CyA+",0.21434253633610503,IL-17 signaling pathway
hsa00190,0.8287144234780937,"19% O2, CyA- vs 1% O2, CyA+",0.08159510235041839,Oxidative phosphorylation
hsa04622,0.6346932099080126,"19% O2, CyA- vs 1% O2, CyA+",0.19743614784211047,RIG-I-like receptor signaling pathway
hsa00052,0.6382004435399606,"19% O2, CyA- vs 1% O2, CyA+",0.1950428983140996,Galactose metabolism
hsa04973,0.6742671393314219,"19% O2, CyA- vs 1% O2, CyA+",0.17116800531636875,Carbohydrate digestion and absorption
hsa00515,0.6571107674685635,"19% O2, CyA- vs 1% O2, CyA+",0.18236141636774328,Mannose type O-glycan biosynthesis
hsa04659,0.5570306060997045,"19% O2, CyA- vs 1% O2, CyA+",0.2541209418190165,Th17 cell differentiation
hsa00270,0.6578150046307052,"19% O2, CyA- vs 1% O2, CyA+",0.18189622456878146,Cysteine and methionine metabolism
hsa04915,0.5754722236902414,"19% O2, CyA- vs 1% O2, CyA+",0.23997563361399094,Estrogen signaling pathway
hsa04216,0.6565125286749217,"19% O2, CyA- vs 1% O2, CyA+",0.1827569815585608,Ferroptosis
hsa04512,0.7429285389049225,"19% O2, CyA- vs 1% O2, CyA+",0.1290529583145606,ECM-receptor interaction
hsa04510,0.4035194928776583,"19% O2, CyA- vs 1% O2, CyA+",0.39413548090541906,Focal adhesion
hsa04668,0.003560456316017539,"19% O2, CyA- vs 1% O2, CyA+",2.4484943383112343,TNF signaling pathway
hsa05226,0.3274186260681119,"19% O2, CyA- vs 1% O2, CyA+",0.4848966182395675,Gastric cancer
hsa00770,0.6275175169567268,"19% O2, CyA- vs 1% O2, CyA+",0.2023741464820407,Pantothenate and CoA biosynthesis
hsa05131,0.4537182478434598,"19% O2, CyA- vs 1% O2, CyA+",0.343213753732981,Shigellosis
hsa01522,0.01974541314447661,"19% O2, CyA- vs 1% O2, CyA+",1.7045337748426415,Endocrine resistance
hsa04062,0.000779790941920158,"19% O2, CyA- vs 1% O2, CyA+",3.108021813899174,Chemokine signaling pathway
hsa04911,0.626055616477466,"19% O2, CyA- vs 1% O2, CyA+",0.2033870839519321,Insulin secretion
hsa00040,0.6489555852747958,"19% O2, CyA- vs 1% O2, CyA+",0.18778502543403972,Pentose and glucuronate interconversions
hsa04930,0.6672480398655148,"19% O2, CyA- vs 1% O2, CyA+",0.17571269333939224,Type II diabetes mellitus
hsa05202,0.40623921264361523,"19% O2, CyA- vs 1% O2, CyA+",0.3912181582015084,Transcriptional misregulation in cancer
hsa05145,0.6127657489255339,"19% O2, CyA- vs 1% O2, CyA+",0.21270551796481138,Toxoplasmosis
hsa04380,0.4297058291778892,"19% O2, CyA- vs 1% O2, CyA+",0.36682875485084165,Osteoclast differentiation
hsa04010,0.40440374018995995,"19% O2, CyA- vs 1% O2, CyA+",0.3931848364233972,MAPK signaling pathway
hsa05142,0.6728702674543768,"19% O2, CyA- vs 1% O2, CyA+",0.17206866171933932,Chagas disease
hsa00020,0.6663645499792709,"19% O2, CyA- vs 1% O2, CyA+",0.17628811507950867,Citrate cycle (TCA cycle)
hsa04744,0.5937568301476822,"19% O2, CyA- vs 1% O2, CyA+",0.2263913815297922,Phototransduction
hsa04921,0.2382469747938626,"19% O2, CyA- vs 1% O2, CyA+",0.6229726052276147,Oxytocin signaling pathway
